date,close,open,high,low,volume
2020-09-01T00:00:00+05:30,521.45,521.2,527.65,506.2,13861215.0
2020-09-02T00:00:00+05:30,514.5,523.5,525.6,509.2,9636649.0
2020-09-03T00:00:00+05:30,523.45,518.55,526.85,512.55,10052115.0
2020-09-04T00:00:00+05:30,512.45,518.0,530.4,508.25,12380218.0
2020-09-07T00:00:00+05:30,513.25,516.0,518.2,504.25,6320017.0
2020-09-08T00:00:00+05:30,501.9,512.0,517.65,498.65,8519591.0
2020-09-09T00:00:00+05:30,509.3,497.0,512.8,493.6,10532178.0
2020-09-10T00:00:00+05:30,507.95,512.7,516.7,503.65,8572923.0
2020-09-11T00:00:00+05:30,505.55,507.0,512.35,502.6,5190138.0
2020-09-14T00:00:00+05:30,495.8,505.55,509.0,494.0,8041445.0
2020-09-15T00:00:00+05:30,506.4,498.0,512.4,496.0,11686776.0
2020-09-16T00:00:00+05:30,518.5,510.15,520.0,503.4,10080179.0
2020-09-17T00:00:00+05:30,512.0,516.8,521.9,510.5,9959284.0
2020-09-18T00:00:00+05:30,523.35,517.45,535.0,515.0,25685408.0
2020-09-21T00:00:00+05:30,503.65,523.8,528.25,499.0,9983045.0
2020-09-22T00:00:00+05:30,508.85,509.5,515.0,493.6,9862296.0
2020-09-23T00:00:00+05:30,502.9,520.5,521.0,498.25,10846053.0
2020-09-24T00:00:00+05:30,485.8,497.5,501.25,483.0,8769524.0
2020-09-25T00:00:00+05:30,489.65,496.0,496.0,483.85,9665296.0
2020-09-28T00:00:00+05:30,510.1,495.0,512.0,488.5,12222648.0
2020-09-29T00:00:00+05:30,506.15,517.85,517.85,504.5,8592549.0
2020-09-30T00:00:00+05:30,500.45,508.0,516.2,498.3,12981977.0
2020-10-01T00:00:00+05:30,506.9,505.1,510.5,501.3,6733155.0
2020-10-05T00:00:00+05:30,523.1,507.0,525.1,503.8,8831632.0
2020-10-06T00:00:00+05:30,521.05,526.0,527.6,519.0,8537289.0
2020-10-07T00:00:00+05:30,511.75,516.1,522.9,509.2,8346537.0
2020-10-08T00:00:00+05:30,524.1,514.6,526.0,511.75,9392759.0
2020-10-09T00:00:00+05:30,512.9,525.0,529.3,511.05,11469442.0
2020-10-12T00:00:00+05:30,513.9,514.9,517.35,509.3,7092678.0
2020-10-13T00:00:00+05:30,503.15,514.0,519.95,501.6,8851581.0
2020-10-14T00:00:00+05:30,502.2,503.15,507.5,493.3,7640410.0
2020-10-15T00:00:00+05:30,490.3,504.7,504.7,489.0,6605327.0
2020-10-16T00:00:00+05:30,486.9,491.0,494.75,485.25,9086863.0
2020-10-19T00:00:00+05:30,483.65,489.95,490.9,480.9,5158876.0
2020-10-20T00:00:00+05:30,486.35,484.95,488.55,480.4,5551108.0
2020-10-21T00:00:00+05:30,490.2,489.0,492.2,481.5,7270052.0
2020-10-22T00:00:00+05:30,485.55,491.2,491.4,481.7,6428938.0
2020-10-23T00:00:00+05:30,484.5,488.0,494.5,482.9,6579267.0
2020-10-26T00:00:00+05:30,474.5,487.4,487.4,471.1,6499287.0
2020-10-27T00:00:00+05:30,470.45,474.6,476.75,467.25,7693124.0
2020-10-28T00:00:00+05:30,463.4,473.0,475.75,461.4,7724076.0
2020-10-29T00:00:00+05:30,456.35,463.0,464.0,452.25,8297097.0
2020-10-30T00:00:00+05:30,465.75,458.65,469.0,455.85,8680726.0
2020-11-02T00:00:00+05:30,469.4,467.9,471.0,459.05,7737909.0
2020-11-03T00:00:00+05:30,485.6,472.05,490.6,465.75,16853462.0
2020-11-04T00:00:00+05:30,504.65,499.9,518.25,495.15,48182254.0
2020-11-05T00:00:00+05:30,512.5,508.0,514.0,502.5,14095319.0
2020-11-06T00:00:00+05:30,509.15,515.0,515.75,506.75,9251548.0
2020-11-09T00:00:00+05:30,510.15,512.5,518.0,504.45,9718357.0
2020-11-10T00:00:00+05:30,490.9,511.0,514.25,489.0,12767338.0
2020-11-11T00:00:00+05:30,506.05,495.0,508.35,492.0,11754997.0
2020-11-12T00:00:00+05:30,509.25,503.95,517.7,502.2,10911897.0
2020-11-13T00:00:00+05:30,508.45,511.95,515.8,504.55,9501329.0
2020-11-14T00:00:00+05:30,514.0,511.0,515.5,510.2,1766237.0
2020-11-17T00:00:00+05:30,518.4,517.0,523.4,514.05,12411197.0
2020-11-18T00:00:00+05:30,513.0,514.0,518.35,509.0,6483702.0
2020-11-19T00:00:00+05:30,507.35,512.0,516.15,505.0,6843207.0
2020-11-20T00:00:00+05:30,503.25,510.0,512.5,496.0,7594535.0
2020-11-23T00:00:00+05:30,512.85,504.0,516.4,501.0,8931512.0
2020-11-24T00:00:00+05:30,520.15,513.5,522.75,508.2,9096230.0
2020-11-25T00:00:00+05:30,506.2,521.2,526.0,504.15,10673809.0
2020-11-26T00:00:00+05:30,511.7,506.0,513.0,502.3,7494355.0
2020-11-27T00:00:00+05:30,511.65,514.0,520.8,509.2,12954065.0
2020-12-01T00:00:00+05:30,539.35,518.0,542.75,512.65,25388623.0
2020-12-02T00:00:00+05:30,544.65,540.9,547.0,536.0,14234038.0
2020-12-03T00:00:00+05:30,548.25,550.0,551.45,541.0,9345458.0
2020-12-04T00:00:00+05:30,569.05,550.0,572.9,545.2,16177536.0
2020-12-07T00:00:00+05:30,582.3,570.35,591.5,567.05,21232768.0
2020-12-08T00:00:00+05:30,568.7,582.0,582.0,565.8,10673103.0
2020-12-09T00:00:00+05:30,569.55,571.0,583.95,566.7,11144200.0
2020-12-10T00:00:00+05:30,565.2,570.0,574.75,560.1,6755693.0
2020-12-11T00:00:00+05:30,568.1,567.9,572.95,562.0,6968494.0
2020-12-14T00:00:00+05:30,576.25,568.35,578.65,568.35,8582193.0
2020-12-15T00:00:00+05:30,571.65,575.0,580.0,569.0,5896090.0
2020-12-16T00:00:00+05:30,576.6,571.0,578.5,571.0,5135499.0
2020-12-17T00:00:00+05:30,571.35,579.5,586.3,569.7,9025916.0
2020-12-18T00:00:00+05:30,575.0,574.0,576.9,568.0,4940687.0
2020-12-21T00:00:00+05:30,552.55,573.8,585.9,539.7,12715463.0
2020-12-22T00:00:00+05:30,568.3,553.0,571.1,540.4,8012096.0
2020-12-23T00:00:00+05:30,574.6,570.0,576.55,566.1,4958783.0
2020-12-24T00:00:00+05:30,590.45,574.6,595.0,572.15,7486583.0
2020-12-28T00:00:00+05:30,586.95,599.0,599.45,584.55,12299793.0
2020-12-29T00:00:00+05:30,590.6,589.8,596.0,583.15,7430043.0
2020-12-30T00:00:00+05:30,584.0,595.0,595.0,581.5,5589703.0
2020-12-31T00:00:00+05:30,592.35,584.65,594.9,582.05,8835267.0
2021-01-01T00:00:00+05:30,596.25,592.5,599.75,585.85,8229768.0
2021-01-04T00:00:00+05:30,604.4,600.0,609.45,595.2,11329298.0
2021-01-05T00:00:00+05:30,603.45,608.45,608.7,600.0,7790158.0
2021-01-06T00:00:00+05:30,605.3,604.1,610.95,596.15,6422080.0
2021-01-07T00:00:00+05:30,601.9,606.05,608.0,598.0,4555702.0
2021-01-08T00:00:00+05:30,620.8,607.0,622.8,604.0,11451416.0
2021-01-11T00:00:00+05:30,621.0,623.7,628.0,614.05,7516087.0
2021-01-12T00:00:00+05:30,609.65,621.0,623.9,607.05,6747035.0
2021-01-13T00:00:00+05:30,602.3,611.0,614.5,597.25,6186661.0
2021-01-14T00:00:00+05:30,607.05,602.3,611.65,596.4,6730284.0
2021-01-15T00:00:00+05:30,604.3,609.0,616.8,598.1,8389544.0
2021-01-18T00:00:00+05:30,581.45,604.1,607.35,578.45,7414570.0
2021-01-19T00:00:00+05:30,596.55,586.9,603.0,583.35,5500391.0
2021-01-20T00:00:00+05:30,594.7,601.2,603.6,592.95,5182972.0
2021-01-21T00:00:00+05:30,582.9,598.0,598.75,580.65,4546393.0
2021-01-22T00:00:00+05:30,575.2,582.9,586.95,570.6,5591688.0
2021-01-25T00:00:00+05:30,586.4,577.1,594.0,567.0,8149590.0
2021-01-27T00:00:00+05:30,569.8,585.9,585.9,563.75,8534047.0
2021-01-28T00:00:00+05:30,564.35,554.9,574.5,550.4,9863454.0
2021-01-29T00:00:00+05:30,586.2,568.0,600.0,554.1,22539938.0
2021-02-01T00:00:00+05:30,590.15,596.0,599.4,579.6,12621971.0
2021-02-02T00:00:00+05:30,609.45,596.95,616.9,591.5,15788247.0
2021-02-03T00:00:00+05:30,629.2,612.5,648.4,610.5,23788455.0
2021-02-04T00:00:00+05:30,631.5,632.5,641.0,626.25,7926593.0
2021-02-05T00:00:00+05:30,634.75,633.5,644.25,623.15,10981738.0
2021-02-08T00:00:00+05:30,634.65,640.9,644.85,632.55,6479801.0
2021-02-09T00:00:00+05:30,623.6,631.9,639.25,621.0,5794015.0
2021-02-10T00:00:00+05:30,627.1,623.05,631.55,614.1,6902162.0
2021-02-11T00:00:00+05:30,643.65,622.0,648.75,622.0,11433578.0
2021-02-12T00:00:00+05:30,627.15,654.4,654.4,622.35,15471776.0
2021-02-15T00:00:00+05:30,627.5,632.0,637.3,623.3,7310676.0
2021-02-16T00:00:00+05:30,631.15,631.0,634.5,623.0,6137454.0
2021-02-17T00:00:00+05:30,621.25,628.7,632.4,619.8,4700733.0
2021-02-18T00:00:00+05:30,616.05,622.0,627.25,614.1,5633766.0
2021-02-19T00:00:00+05:30,607.3,615.9,622.3,601.2,7301975.0
2021-02-22T00:00:00+05:30,595.3,608.0,610.85,590.4,5330343.0
2021-02-23T00:00:00+05:30,604.05,595.0,608.35,592.0,7564187.0
2021-02-24T00:00:00+05:30,601.45,607.1,609.35,595.85,3296243.0
2021-02-25T00:00:00+05:30,609.55,606.4,618.9,602.7,6261754.0
2021-02-26T00:00:00+05:30,594.6,604.95,621.35,590.0,15404415.0
2021-03-01T00:00:00+05:30,604.45,600.0,610.8,597.05,5274758.0
2021-03-02T00:00:00+05:30,614.2,609.0,616.35,604.5,4776776.0
2021-03-03T00:00:00+05:30,624.35,616.5,625.4,612.25,6626297.0
2021-03-04T00:00:00+05:30,618.95,622.0,636.75,616.0,11530735.0
2021-03-05T00:00:00+05:30,611.2,619.45,619.45,606.9,6127488.0
2021-03-08T00:00:00+05:30,614.8,611.5,621.9,611.3,4554461.0
2021-03-09T00:00:00+05:30,612.6,618.0,620.9,607.5,4035628.0
2021-03-10T00:00:00+05:30,626.0,618.0,627.9,615.35,5825924.0
2021-03-12T00:00:00+05:30,613.6,628.0,629.15,611.5,4264170.0
2021-03-15T00:00:00+05:30,605.5,614.0,614.0,596.5,4030875.0
2021-03-16T00:00:00+05:30,602.3,606.0,609.95,599.25,4189930.0
2021-03-17T00:00:00+05:30,584.75,604.0,604.0,582.0,7667561.0
2021-03-18T00:00:00+05:30,574.55,587.4,591.55,572.0,5537584.0
2021-03-19T00:00:00+05:30,578.3,571.0,582.65,562.1,6186643.0
2021-03-22T00:00:00+05:30,591.0,578.6,593.6,578.6,7033955.0
2021-03-23T00:00:00+05:30,587.85,591.2,594.7,583.0,5341729.0
2021-03-24T00:00:00+05:30,585.3,585.0,597.0,583.2,7299582.0
2021-03-25T00:00:00+05:30,575.75,584.4,587.95,571.5,4710869.0
2021-03-26T00:00:00+05:30,587.2,580.85,590.3,574.6,5761818.0
2021-03-30T00:00:00+05:30,597.7,594.95,599.0,587.25,4637898.0
2021-03-31T00:00:00+05:30,597.8,598.2,606.0,595.7,5269919.0
2021-04-01T00:00:00+05:30,610.75,600.0,612.7,597.35,6033653.0
2021-04-05T00:00:00+05:30,608.8,611.7,611.95,592.75,5353987.0
2021-04-06T00:00:00+05:30,620.45,608.75,621.9,603.5,7444994.0
2021-04-07T00:00:00+05:30,621.05,621.0,628.4,616.15,4757224.0
2021-04-08T00:00:00+05:30,614.25,620.55,626.0,613.3,3222479.0
2021-04-09T00:00:00+05:30,636.75,613.0,642.0,609.5,16755446.0
2021-04-12T00:00:00+05:30,619.35,639.0,645.85,615.2,15229597.0
2021-04-13T00:00:00+05:30,627.35,624.0,635.55,616.1,7399207.0
2021-04-15T00:00:00+05:30,633.25,633.6,641.5,626.5,8588761.0
2021-04-16T00:00:00+05:30,646.05,633.25,650.0,626.35,9804095.0
2021-04-19T00:00:00+05:30,640.65,644.0,651.4,635.0,11340358.0
2021-04-20T00:00:00+05:30,645.15,643.8,659.5,639.15,13831258.0
2021-04-22T00:00:00+05:30,639.95,650.7,658.0,638.1,11295290.0
2021-04-23T00:00:00+05:30,637.95,636.5,645.8,630.15,7668180.0
2021-04-26T00:00:00+05:30,634.7,644.0,644.0,631.0,6527947.0
2021-04-27T00:00:00+05:30,639.25,632.7,642.45,632.0,5112384.0
2021-04-28T00:00:00+05:30,643.4,640.95,647.3,638.3,6069155.0
2021-04-29T00:00:00+05:30,644.5,648.95,652.0,641.1,5676290.0
2021-04-30T00:00:00+05:30,654.45,642.0,666.6,640.1,10874266.0
2021-05-03T00:00:00+05:30,659.2,653.95,663.95,650.1,6567597.0
2021-05-04T00:00:00+05:30,645.15,662.0,664.9,642.0,5604638.0
2021-05-05T00:00:00+05:30,683.4,642.25,687.9,642.25,25296369.0
2021-05-06T00:00:00+05:30,679.4,689.85,696.7,673.35,11153908.0
2021-05-07T00:00:00+05:30,679.45,681.0,691.0,677.6,6466334.0
2021-05-10T00:00:00+05:30,698.2,688.0,703.5,683.6,10924222.0
2021-05-11T00:00:00+05:30,708.1,698.5,721.85,696.2,14760511.0
2021-05-12T00:00:00+05:30,702.85,714.95,714.95,700.0,7250661.0
2021-05-14T00:00:00+05:30,691.45,703.0,711.0,687.0,6851035.0
2021-05-17T00:00:00+05:30,687.15,688.0,698.5,680.05,6318234.0
2021-05-18T00:00:00+05:30,690.8,691.0,695.85,684.75,4080423.0
2021-05-19T00:00:00+05:30,703.4,694.3,706.75,690.8,7745431.0
2021-05-20T00:00:00+05:30,686.85,700.0,701.65,685.0,6226376.0
2021-05-21T00:00:00+05:30,690.4,691.75,694.5,688.0,3434231.0
2021-05-24T00:00:00+05:30,690.95,691.0,698.4,689.6,3722957.0
2021-05-25T00:00:00+05:30,696.1,695.0,697.4,691.0,2800233.0
2021-05-26T00:00:00+05:30,703.8,699.5,706.15,696.2,6235460.0
2021-05-27T00:00:00+05:30,699.5,707.25,709.75,694.5,9875654.0
2021-05-28T00:00:00+05:30,669.75,694.0,694.5,666.3,28316552.0
2021-05-31T00:00:00+05:30,668.3,672.0,675.7,659.0,13947126.0
2021-06-01T00:00:00+05:30,671.05,670.1,673.3,664.3,6443084.0
2021-06-02T00:00:00+05:30,677.45,671.0,678.1,670.15,4978457.0
2021-06-03T00:00:00+05:30,675.5,678.0,680.85,673.5,3604574.0
2021-06-04T00:00:00+05:30,673.95,678.9,679.25,672.8,3747803.0
2021-06-07T00:00:00+05:30,675.35,673.95,677.8,670.9,2793705.0
2021-06-08T00:00:00+05:30,678.75,673.0,679.95,665.1,5695920.0
2021-06-09T00:00:00+05:30,672.85,681.05,684.7,667.6,4492551.0
2021-06-10T00:00:00+05:30,676.05,673.05,681.0,673.0,3099864.0
2021-06-11T00:00:00+05:30,681.3,675.2,686.35,674.05,3822099.0
2021-06-14T00:00:00+05:30,677.1,682.0,683.7,671.55,3640962.0
2021-06-15T00:00:00+05:30,673.2,677.1,681.4,671.75,3862284.0
2021-06-16T00:00:00+05:30,668.55,675.0,680.5,666.85,4842448.0
2021-06-17T00:00:00+05:30,665.05,671.8,673.55,661.65,2776147.0
2021-06-18T00:00:00+05:30,668.5,667.0,673.0,652.7,4158743.0
2021-06-21T00:00:00+05:30,671.35,662.0,674.8,662.0,2932177.0
2021-06-22T00:00:00+05:30,666.8,678.0,680.25,665.85,4577152.0
2021-06-23T00:00:00+05:30,665.25,666.8,672.35,664.25,2631031.0
2021-06-24T00:00:00+05:30,664.8,664.2,671.0,661.5,3460776.0
2021-06-25T00:00:00+05:30,672.25,664.8,677.4,664.8,3010243.0
2021-06-28T00:00:00+05:30,676.3,675.0,679.9,669.55,3342385.0
2021-06-29T00:00:00+05:30,677.6,673.25,681.5,673.1,2937766.0
2021-06-30T00:00:00+05:30,675.45,678.05,683.45,674.25,3768943.0
2021-07-01T00:00:00+05:30,684.15,675.0,685.8,673.7,4102748.0
2021-07-02T00:00:00+05:30,681.25,685.5,689.5,678.3,5071894.0
2021-07-05T00:00:00+05:30,680.2,684.0,684.95,678.6,1600769.0
2021-07-06T00:00:00+05:30,673.25,678.0,683.0,672.4,2682423.0
2021-07-07T00:00:00+05:30,680.1,668.0,682.0,666.1,2576763.0
2021-07-08T00:00:00+05:30,666.9,677.0,680.9,665.1,2548016.0
2021-07-09T00:00:00+05:30,667.9,666.5,672.3,664.2,1994075.0
2021-07-12T00:00:00+05:30,668.55,668.6,672.85,666.4,1555035.0
2021-07-13T00:00:00+05:30,683.0,670.3,689.35,669.0,7744032.0
2021-07-14T00:00:00+05:30,685.95,681.95,692.4,681.0,2663467.0
2021-07-15T00:00:00+05:30,683.0,686.0,688.2,681.3,1905193.0
2021-07-16T00:00:00+05:30,688.6,684.9,695.65,682.65,3479357.0
2021-07-19T00:00:00+05:30,689.25,678.05,691.5,678.05,1940882.0
2021-07-20T00:00:00+05:30,676.45,689.0,691.6,673.9,2724983.0
2021-07-22T00:00:00+05:30,687.3,680.0,688.2,675.55,2047831.0
2021-07-23T00:00:00+05:30,694.0,686.2,698.95,681.6,3956261.0
2021-07-26T00:00:00+05:30,703.4,695.2,705.0,695.2,4715053.0
2021-07-27T00:00:00+05:30,688.3,705.0,705.7,673.85,5327355.0
2021-07-28T00:00:00+05:30,687.8,688.3,691.95,672.55,3332667.0
2021-07-29T00:00:00+05:30,703.0,687.8,705.95,680.7,4397443.0
2021-07-30T00:00:00+05:30,773.95,702.95,783.75,696.15,35893710.0
2021-08-02T00:00:00+05:30,775.0,785.0,801.9,764.1,18661462.0
2021-08-03T00:00:00+05:30,794.8,773.95,804.35,765.25,14678219.0
2021-08-04T00:00:00+05:30,785.75,791.0,797.9,779.7,5796169.0
2021-08-05T00:00:00+05:30,786.15,785.5,794.4,783.3,5026619.0
2021-08-06T00:00:00+05:30,785.2,786.5,796.45,781.55,4064324.0
2021-08-09T00:00:00+05:30,788.8,789.15,793.0,782.0,2873586.0
2021-08-10T00:00:00+05:30,793.35,789.95,798.8,782.2,5656020.0
2021-08-11T00:00:00+05:30,779.55,794.0,795.0,773.3,4275776.0
2021-08-12T00:00:00+05:30,778.65,780.0,781.25,773.15,2821380.0
2021-08-13T00:00:00+05:30,778.3,769.0,788.5,767.65,4319920.0
2021-08-16T00:00:00+05:30,780.8,775.2,783.0,771.05,2310304.0
2021-08-17T00:00:00+05:30,784.15,783.0,793.2,778.2,5686055.0
2021-08-18T00:00:00+05:30,782.9,788.0,791.4,779.3,4036305.0
2021-08-20T00:00:00+05:30,761.15,775.0,784.45,743.35,6238261.0
2021-08-23T00:00:00+05:30,759.35,765.0,770.0,750.8,2375417.0
2021-08-24T00:00:00+05:30,771.35,759.8,777.95,754.25,2732537.0
2021-08-25T00:00:00+05:30,769.05,770.0,776.0,759.6,2254852.0
2021-08-26T00:00:00+05:30,760.55,765.15,771.1,759.25,1735864.0
2021-08-27T00:00:00+05:30,771.8,760.75,777.0,758.1,2432862.0
2021-08-30T00:00:00+05:30,787.2,769.0,794.95,768.15,3617125.0
2021-08-31T00:00:00+05:30,794.05,787.45,801.0,783.7,7435465.0
2021-09-01T00:00:00+05:30,788.5,795.05,803.9,787.0,2811619.0
2021-09-02T00:00:00+05:30,789.95,790.3,795.65,788.3,2679549.0
2021-09-03T00:00:00+05:30,789.4,793.0,797.2,784.0,2860730.0
2021-09-06T00:00:00+05:30,784.25,789.4,793.1,779.75,4613445.0
2021-09-07T00:00:00+05:30,769.9,782.0,783.0,766.6,3851664.0
2021-09-08T00:00:00+05:30,777.45,767.3,778.95,763.55,2548562.0
2021-09-09T00:00:00+05:30,776.3,772.2,782.25,771.45,2008287.0
2021-09-13T00:00:00+05:30,780.3,776.3,783.0,771.65,1935832.0
2021-09-14T00:00:00+05:30,781.4,784.7,788.0,777.3,1996844.0
2021-09-15T00:00:00+05:30,780.65,784.7,785.75,778.8,1393824.0
2021-09-16T00:00:00+05:30,781.05,780.0,784.55,778.3,1353677.0
2021-09-17T00:00:00+05:30,769.9,785.0,787.9,766.65,4052622.0
2021-09-20T00:00:00+05:30,756.5,766.7,774.75,751.6,2206369.0
2021-09-21T00:00:00+05:30,764.5,756.5,766.35,751.05,2123997.0
2021-09-22T00:00:00+05:30,770.1,765.0,774.0,764.5,1817865.0
2021-09-23T00:00:00+05:30,769.85,771.1,777.2,766.1,2109768.0
2021-09-24T00:00:00+05:30,770.45,769.0,776.65,762.0,1777859.0
2021-09-27T00:00:00+05:30,763.05,771.45,774.5,760.1,2862731.0
2021-09-28T00:00:00+05:30,775.1,766.7,791.0,754.95,4938824.0
2021-09-29T00:00:00+05:30,811.3,784.0,819.75,771.35,18565413.0
2021-09-30T00:00:00+05:30,818.25,814.8,832.95,806.6,10478553.0
2021-10-01T00:00:00+05:30,826.6,812.0,830.7,805.3,5730355.0
2021-10-04T00:00:00+05:30,832.0,830.0,838.9,826.45,4007435.0
2021-10-05T00:00:00+05:30,820.5,828.0,834.4,814.95,2987134.0
2021-10-06T00:00:00+05:30,800.6,820.45,824.0,797.3,2910453.0
2021-10-07T00:00:00+05:30,823.25,808.05,826.35,804.1,4089061.0
2021-10-08T00:00:00+05:30,821.4,825.1,833.8,818.6,2753935.0
2021-10-11T00:00:00+05:30,832.55,826.0,836.2,817.8,2988841.0
2021-10-12T00:00:00+05:30,829.7,833.5,842.75,823.7,2407031.0
2021-10-13T00:00:00+05:30,842.55,827.95,846.8,827.25,4113083.0
2021-10-14T00:00:00+05:30,841.3,843.9,850.0,838.25,2300231.0
2021-10-18T00:00:00+05:30,835.9,850.0,851.0,832.15,2632795.0
2021-10-19T00:00:00+05:30,827.35,837.0,842.2,825.65,2029762.0
2021-10-20T00:00:00+05:30,814.9,825.05,834.8,807.5,2089252.0
2021-10-21T00:00:00+05:30,818.4,823.05,829.0,810.05,3155655.0
2021-10-22T00:00:00+05:30,812.55,825.1,826.85,800.15,1709523.0
2021-10-25T00:00:00+05:30,813.2,810.0,821.25,795.55,2129988.0
2021-10-26T00:00:00+05:30,813.5,817.0,823.9,806.3,1628608.0
2021-10-27T00:00:00+05:30,825.1,815.8,838.45,815.8,3569869.0
2021-10-28T00:00:00+05:30,807.6,823.95,829.15,803.05,1647229.0
2021-10-29T00:00:00+05:30,795.0,800.0,816.55,779.35,4321416.0
2021-11-01T00:00:00+05:30,811.8,798.95,813.85,787.0,1935341.0
2021-11-02T00:00:00+05:30,815.4,814.65,836.0,782.75,17608860.0
2021-11-03T00:00:00+05:30,787.95,820.0,822.0,781.35,9452138.0
2021-11-04T00:00:00+05:30,795.45,797.0,797.0,788.5,485870.0
2021-11-08T00:00:00+05:30,800.0,798.0,803.0,783.0,4280584.0
2021-11-09T00:00:00+05:30,801.35,800.0,812.0,797.0,3232291.0
2021-11-10T00:00:00+05:30,811.1,799.75,815.0,797.0,2900645.0
2021-11-11T00:00:00+05:30,794.85,808.95,810.45,792.1,2107377.0
2021-11-12T00:00:00+05:30,806.5,803.95,808.55,796.1,2076523.0
2021-11-15T00:00:00+05:30,810.7,808.3,819.65,806.65,2109222.0
2021-11-16T00:00:00+05:30,798.45,812.3,817.45,795.65,1512946.0
2021-11-17T00:00:00+05:30,791.35,800.0,805.0,787.4,1662900.0
2021-11-18T00:00:00+05:30,790.65,790.0,794.35,780.1,3177648.0
2021-11-22T00:00:00+05:30,770.75,791.85,794.0,765.05,2894426.0
2021-11-23T00:00:00+05:30,785.2,770.0,791.75,761.55,2739763.0
2021-11-24T00:00:00+05:30,778.95,783.5,796.95,775.55,2404041.0
2021-11-25T00:00:00+05:30,782.9,775.6,787.25,774.35,1861259.0
2021-11-26T00:00:00+05:30,767.3,775.0,798.9,762.0,5432649.0
2021-11-29T00:00:00+05:30,751.05,773.0,775.0,749.05,4664270.0
2021-11-30T00:00:00+05:30,753.6,751.0,761.65,746.05,5505266.0
2021-12-01T00:00:00+05:30,745.35,756.75,763.25,740.35,3687799.0
2021-12-02T00:00:00+05:30,766.25,753.0,770.75,746.1,4896650.0
2021-12-03T00:00:00+05:30,751.8,771.9,771.9,748.9,3135454.0
2021-12-06T00:00:00+05:30,737.15,751.2,752.55,733.7,2577704.0
2021-12-07T00:00:00+05:30,743.7,741.1,751.0,735.0,2583462.0
2021-12-08T00:00:00+05:30,757.55,750.2,763.5,747.35,2530785.0
2021-12-09T00:00:00+05:30,759.75,758.2,766.8,756.15,2604449.0
2021-12-10T00:00:00+05:30,761.35,754.2,775.0,754.2,2950388.0
2021-12-13T00:00:00+05:30,762.6,763.85,773.35,759.0,2491218.0
2021-12-14T00:00:00+05:30,756.05,757.25,768.75,753.6,3224172.0
2021-12-15T00:00:00+05:30,775.1,752.5,778.85,745.3,6231786.0
2021-12-16T00:00:00+05:30,764.45,786.5,786.5,760.0,6186549.0
2021-12-17T00:00:00+05:30,768.95,762.0,772.35,753.5,7171030.0
2021-12-20T00:00:00+05:30,763.95,768.0,774.7,753.05,7474026.0
2021-12-21T00:00:00+05:30,778.55,764.05,783.95,764.05,5599344.0
2021-12-22T00:00:00+05:30,797.5,785.0,801.0,777.5,5871235.0
2021-12-23T00:00:00+05:30,792.45,801.85,803.95,790.0,4277384.0
2021-12-24T00:00:00+05:30,785.4,793.4,794.8,777.6,3076272.0
2021-12-27T00:00:00+05:30,794.1,784.0,796.6,781.15,3598487.0
2021-12-28T00:00:00+05:30,815.1,796.0,819.9,794.2,5477769.0
2021-12-29T00:00:00+05:30,838.8,822.5,843.65,816.5,8748856.0
2021-12-30T00:00:00+05:30,834.45,836.65,841.95,827.35,5179861.0
2021-12-31T00:00:00+05:30,845.7,834.45,850.95,834.0,3346523.0
2022-01-03T00:00:00+05:30,848.95,845.0,860.05,840.9,3726756.0
2022-01-04T00:00:00+05:30,837.7,852.5,854.0,832.4,3027262.0
2022-01-05T00:00:00+05:30,835.1,840.0,844.55,830.65,2436343.0
2022-01-06T00:00:00+05:30,829.6,837.8,844.9,822.0,2423850.0
2022-01-07T00:00:00+05:30,828.95,829.6,836.0,825.2,1475374.0
2022-01-10T00:00:00+05:30,826.7,832.1,835.0,817.55,4837873.0
2022-01-11T00:00:00+05:30,832.4,830.9,841.5,828.3,4950526.0
2022-01-12T00:00:00+05:30,836.2,845.0,845.0,827.5,3953446.0
2022-01-13T00:00:00+05:30,865.5,836.2,871.0,834.25,7395140.0
2022-01-14T00:00:00+05:30,859.75,865.5,868.9,856.8,2351963.0
2022-01-17T00:00:00+05:30,853.2,859.75,863.4,850.5,1750754.0
2022-01-18T00:00:00+05:30,846.7,855.0,867.2,845.0,3354708.0
2022-01-19T00:00:00+05:30,838.5,848.0,848.0,834.0,1677779.0
2022-01-20T00:00:00+05:30,820.0,839.3,842.75,815.65,2886894.0
2022-01-21T00:00:00+05:30,808.75,816.5,819.7,801.1,3218477.0
2022-01-24T00:00:00+05:30,800.85,804.0,825.0,791.6,5300160.0
2022-01-25T00:00:00+05:30,808.05,791.0,811.7,784.8,3779497.0
2022-01-27T00:00:00+05:30,812.1,802.0,817.4,791.3,3593525.0
2022-01-28T00:00:00+05:30,827.35,816.0,842.9,812.1,5073701.0
2022-01-31T00:00:00+05:30,834.5,830.1,849.75,820.05,8041517.0
2022-02-01T00:00:00+05:30,891.75,847.4,895.0,839.85,12337459.0
2022-02-02T00:00:00+05:30,890.65,890.0,898.45,882.0,4404741.0
2022-02-03T00:00:00+05:30,883.55,889.35,891.2,880.45,2292825.0
2022-02-04T00:00:00+05:30,893.95,882.9,902.85,881.35,4222492.0
2022-02-07T00:00:00+05:30,887.05,901.45,901.45,879.7,3494623.0
2022-02-08T00:00:00+05:30,894.1,886.0,895.95,882.0,4766558.0
2022-02-09T00:00:00+05:30,886.45,893.9,894.55,885.35,2874380.0
2022-02-10T00:00:00+05:30,894.3,891.4,896.25,880.0,3159839.0
2022-02-11T00:00:00+05:30,880.1,894.6,895.8,874.65,2682532.0
2022-02-14T00:00:00+05:30,864.85,870.0,886.65,862.2,5163415.0
2022-02-15T00:00:00+05:30,876.8,862.5,880.0,859.05,3219287.0
2022-02-16T00:00:00+05:30,868.85,876.0,881.15,867.1,2136415.0
2022-02-17T00:00:00+05:30,862.55,872.35,872.35,861.3,2275289.0
2022-02-18T00:00:00+05:30,862.9,862.55,867.9,856.4,1797851.0
2022-02-21T00:00:00+05:30,843.85,855.5,864.0,839.5,2305713.0
2022-02-22T00:00:00+05:30,845.8,836.0,849.0,824.6,3171552.0
2022-02-23T00:00:00+05:30,840.25,849.85,853.0,838.05,1979574.0
2022-02-24T00:00:00+05:30,818.25,830.6,836.95,815.0,3679222.0
2022-02-25T00:00:00+05:30,831.55,820.5,835.0,817.05,2098988.0
2022-02-28T00:00:00+05:30,843.9,821.0,847.0,821.0,4123139.0
2022-03-02T00:00:00+05:30,820.9,844.35,844.95,815.7,3807036.0
2022-03-03T00:00:00+05:30,820.9,832.8,832.8,817.0,2657776.0
2022-03-04T00:00:00+05:30,829.65,816.3,839.6,809.35,4082674.0
2022-03-07T00:00:00+05:30,822.65,818.0,829.0,809.1,3065234.0
2022-03-08T00:00:00+05:30,855.0,826.2,861.7,826.2,4864275.0
2022-03-09T00:00:00+05:30,868.25,863.4,885.8,860.0,7276355.0
2022-03-10T00:00:00+05:30,869.55,869.9,881.9,866.6,2899758.0
2022-03-11T00:00:00+05:30,902.0,872.0,907.0,869.05,7194497.0
2022-03-14T00:00:00+05:30,892.25,901.95,911.8,889.95,3861194.0
2022-03-15T00:00:00+05:30,891.65,893.7,908.0,881.35,4039746.0
2022-03-16T00:00:00+05:30,889.2,900.0,900.0,880.45,3134307.0
2022-03-17T00:00:00+05:30,911.6,892.2,915.0,892.2,5484100.0
2022-03-18T00:00:00+05:30,911.6,892.2,915.0,892.2,5483410.0
2022-03-21T00:00:00+05:30,913.8,912.5,931.0,911.3,3878744.0
2022-03-22T00:00:00+05:30,914.1,913.8,922.0,902.5,2174495.0
2022-03-23T00:00:00+05:30,900.8,918.0,926.0,895.8,2578669.0
2022-03-24T00:00:00+05:30,908.85,886.0,914.7,885.5,3141478.0
2022-03-25T00:00:00+05:30,902.35,911.85,914.95,896.3,1571676.0
2022-03-28T00:00:00+05:30,905.9,908.9,910.9,899.3,1545077.0
2022-03-29T00:00:00+05:30,919.35,908.05,922.0,901.1,3177777.0
2022-03-30T00:00:00+05:30,920.6,922.0,922.0,908.4,2084073.0
2022-03-31T00:00:00+05:30,914.75,920.6,927.0,910.8,1901705.0
2022-04-01T00:00:00+05:30,908.7,914.0,919.0,904.1,1184766.0
2022-04-04T00:00:00+05:30,926.05,908.0,928.8,902.6,1876408.0
2022-04-05T00:00:00+05:30,929.1,928.0,940.7,924.15,2911697.0
2022-04-06T00:00:00+05:30,928.1,927.8,938.8,925.0,1881754.0
2022-04-07T00:00:00+05:30,930.95,928.1,948.0,926.85,2728625.0
2022-04-08T00:00:00+05:30,924.6,937.0,937.3,919.3,1453271.0
2022-04-11T00:00:00+05:30,925.4,920.0,933.55,918.6,1102625.0
2022-04-12T00:00:00+05:30,921.3,920.0,928.15,911.4,1420380.0
2022-04-13T00:00:00+05:30,936.75,921.3,943.0,921.3,1825531.0
2022-04-18T00:00:00+05:30,927.5,927.6,941.05,919.25,1287320.0
2022-04-19T00:00:00+05:30,922.0,930.95,937.75,915.05,2001066.0
2022-04-20T00:00:00+05:30,923.5,918.0,931.0,916.05,1455897.0
2022-04-21T00:00:00+05:30,944.1,931.0,946.0,920.6,2410164.0
2022-04-22T00:00:00+05:30,924.8,941.0,942.25,918.35,1745381.0
2022-04-25T00:00:00+05:30,900.0,915.55,922.35,896.6,1146270.0
2022-04-26T00:00:00+05:30,918.05,905.0,924.75,904.05,3142879.0
2022-04-27T00:00:00+05:30,906.1,910.05,921.7,903.6,1586283.0
2022-04-28T00:00:00+05:30,921.0,920.0,927.35,909.3,3150038.0
2022-04-29T00:00:00+05:30,928.65,924.0,967.05,919.55,4290688.0
2022-05-02T00:00:00+05:30,923.4,922.45,925.0,902.55,2119174.0
2022-05-04T00:00:00+05:30,900.9,920.1,920.9,895.0,3925917.0
2022-05-05T00:00:00+05:30,878.15,905.0,919.2,872.6,4462293.0
2022-05-06T00:00:00+05:30,883.3,862.0,885.7,861.5,2350532.0
2022-05-09T00:00:00+05:30,885.4,868.05,891.4,868.05,2522123.0
2022-05-10T00:00:00+05:30,861.85,885.0,890.85,846.5,6975331.0
2022-05-11T00:00:00+05:30,854.8,853.0,867.0,851.0,2768829.0
2022-05-12T00:00:00+05:30,850.0,852.9,855.85,835.2,2700591.0
2022-05-13T00:00:00+05:30,882.5,862.95,889.0,860.15,4870689.0
2022-05-16T00:00:00+05:30,885.6,881.95,894.75,875.05,2739020.0
2022-05-17T00:00:00+05:30,891.75,880.15,895.6,878.7,2317400.0
2022-05-18T00:00:00+05:30,899.15,891.0,909.0,888.0,2878378.0
2022-05-19T00:00:00+05:30,884.6,885.0,900.0,878.35,2715634.0
2022-05-20T00:00:00+05:30,915.65,893.0,917.7,889.05,2877917.0
2022-05-23T00:00:00+05:30,922.05,920.0,931.3,916.6,2195036.0
2022-05-24T00:00:00+05:30,909.9,928.0,930.85,907.0,2911410.0
2022-05-25T00:00:00+05:30,911.2,915.0,922.65,907.25,2405811.0
2022-05-26T00:00:00+05:30,899.95,918.8,922.45,893.5,4113170.0
2022-05-27T00:00:00+05:30,903.9,901.95,912.8,896.0,2374509.0
2022-05-30T00:00:00+05:30,888.3,905.0,915.5,886.5,3541617.0
2022-05-31T00:00:00+05:30,860.6,867.25,882.8,851.2,24360628.0
2022-06-01T00:00:00+05:30,839.25,875.0,875.0,832.6,5999099.0
2022-06-02T00:00:00+05:30,859.55,836.75,862.9,832.8,3553217.0
2022-06-03T00:00:00+05:30,865.1,862.15,875.0,854.85,2618353.0
2022-06-06T00:00:00+05:30,859.8,865.0,873.95,858.0,2095566.0
2022-06-07T00:00:00+05:30,848.25,855.0,857.4,838.6,3031449.0
2022-06-08T00:00:00+05:30,847.25,845.1,854.0,837.6,3208941.0
2022-06-09T00:00:00+05:30,858.85,846.0,862.1,835.45,2297715.0
2022-06-10T00:00:00+05:30,845.7,850.0,853.95,842.0,2124778.0
2022-06-13T00:00:00+05:30,829.5,840.0,851.0,819.75,2191412.0
2022-06-14T00:00:00+05:30,825.05,826.0,835.65,821.85,2461692.0
2022-06-15T00:00:00+05:30,822.3,825.25,830.05,819.15,2008725.0
2022-06-16T00:00:00+05:30,814.6,822.6,826.0,806.55,2327414.0
2022-06-17T00:00:00+05:30,793.4,805.2,810.3,789.9,5719089.0
2022-06-20T00:00:00+05:30,805.3,801.0,813.5,794.5,2745302.0
2022-06-21T00:00:00+05:30,817.45,806.6,820.3,805.35,1342717.0
2022-06-22T00:00:00+05:30,809.3,814.0,821.0,803.25,2032073.0
2022-06-23T00:00:00+05:30,824.9,809.5,826.5,808.5,1778752.0
2022-06-24T00:00:00+05:30,824.6,827.9,833.8,821.5,1404748.0
2022-06-27T00:00:00+05:30,835.65,828.0,848.0,828.0,2980249.0
2022-06-28T00:00:00+05:30,828.6,837.0,837.5,825.05,2823691.0
2022-06-29T00:00:00+05:30,838.7,824.0,843.7,823.85,2975927.0
2022-06-30T00:00:00+05:30,830.6,836.0,848.15,823.65,3809670.0
2022-07-01T00:00:00+05:30,829.25,829.9,836.95,825.0,2316527.0
2022-07-04T00:00:00+05:30,829.4,825.3,839.65,821.9,2097164.0
2022-07-05T00:00:00+05:30,835.8,829.4,846.8,826.65,2682730.0
2022-07-06T00:00:00+05:30,837.7,840.0,842.65,831.25,2364840.0
2022-07-07T00:00:00+05:30,849.45,843.05,852.9,842.15,2327906.0
2022-07-08T00:00:00+05:30,857.7,853.5,859.5,849.75,2927832.0
2022-07-11T00:00:00+05:30,857.25,856.8,863.0,851.1,1768048.0
2022-07-12T00:00:00+05:30,851.6,853.0,860.0,849.0,1695338.0
2022-07-13T00:00:00+05:30,860.15,854.6,863.25,849.35,2663538.0
2022-07-14T00:00:00+05:30,879.9,867.4,882.95,864.2,4934156.0
2022-07-15T00:00:00+05:30,878.4,884.9,884.95,872.85,1413559.0
2022-07-18T00:00:00+05:30,882.8,888.6,895.6,878.55,2866600.0
2022-07-19T00:00:00+05:30,875.3,880.0,891.3,873.5,1604458.0
2022-07-20T00:00:00+05:30,867.5,884.7,884.7,862.05,2885666.0
2022-07-21T00:00:00+05:30,869.65,872.0,877.9,863.7,2321107.0
2022-07-22T00:00:00+05:30,874.5,871.0,876.15,866.5,1939758.0
2022-07-25T00:00:00+05:30,868.35,870.0,878.0,856.4,2419358.0
2022-07-26T00:00:00+05:30,867.65,869.2,877.4,862.0,1560211.0
2022-07-27T00:00:00+05:30,894.0,867.5,897.0,866.05,2797789.0
2022-07-28T00:00:00+05:30,894.85,896.0,896.85,878.75,3183169.0
2022-07-29T00:00:00+05:30,943.2,897.0,951.95,879.0,11315800.0
2022-08-01T00:00:00+05:30,918.7,939.95,939.95,910.0,4219890.0
2022-08-02T00:00:00+05:30,917.25,918.7,926.6,912.05,2043767.0
2022-08-03T00:00:00+05:30,897.0,915.0,917.8,893.55,2863168.0
2022-08-04T00:00:00+05:30,918.5,901.0,920.0,895.6,3151481.0
2022-08-05T00:00:00+05:30,915.95,919.5,929.0,911.9,3317738.0
2022-08-08T00:00:00+05:30,910.4,919.8,919.8,908.4,2677742.0
2022-08-10T00:00:00+05:30,919.7,913.2,927.0,913.2,3077870.0
2022-08-11T00:00:00+05:30,921.05,923.0,926.9,917.45,1526395.0
2022-08-12T00:00:00+05:30,913.45,921.05,922.8,907.15,1384417.0
2022-08-16T00:00:00+05:30,914.6,907.0,919.45,906.3,1635836.0
2022-08-17T00:00:00+05:30,920.8,919.0,926.0,915.0,1828327.0
2022-08-18T00:00:00+05:30,916.75,910.0,919.0,895.2,2989998.0
2022-08-19T00:00:00+05:30,901.35,916.0,920.8,898.0,1708425.0
2022-08-22T00:00:00+05:30,880.55,900.5,903.45,878.15,2860170.0
2022-08-23T00:00:00+05:30,888.4,874.15,892.0,872.6,2314528.0
2022-08-24T00:00:00+05:30,881.0,892.0,899.95,878.05,3223687.0
2022-08-25T00:00:00+05:30,877.3,888.0,890.65,875.0,5016244.0
2022-08-26T00:00:00+05:30,880.15,882.3,890.5,878.1,1542618.0
2022-08-29T00:00:00+05:30,879.25,872.0,881.0,865.0,2068888.0
2022-08-30T00:00:00+05:30,893.05,883.0,895.5,882.0,3672052.0
2022-09-01T00:00:00+05:30,871.85,893.0,901.9,870.4,2939235.0
2022-09-02T00:00:00+05:30,869.55,872.9,878.0,866.0,1963435.0
2022-09-05T00:00:00+05:30,884.6,869.0,886.15,864.45,2808538.0
2022-09-06T00:00:00+05:30,887.75,887.0,890.7,882.55,2252661.0
2022-09-07T00:00:00+05:30,893.75,879.5,896.4,879.5,1698682.0
2022-09-08T00:00:00+05:30,894.3,898.25,900.75,887.0,1772605.0
2022-09-09T00:00:00+05:30,890.0,894.5,901.9,886.7,1405210.0
2022-09-12T00:00:00+05:30,887.7,891.2,895.15,885.1,1571387.0
2022-09-13T00:00:00+05:30,890.15,889.85,893.3,883.5,2216354.0
2022-09-14T00:00:00+05:30,883.75,884.6,897.7,880.05,1889322.0
2022-09-15T00:00:00+05:30,874.3,883.0,888.15,871.1,1780723.0
2022-09-16T00:00:00+05:30,868.05,878.7,890.5,865.8,5625488.0
2022-09-19T00:00:00+05:30,874.85,872.4,876.95,856.8,1920725.0
2022-09-20T00:00:00+05:30,911.95,877.55,914.75,876.8,4408042.0
2022-09-21T00:00:00+05:30,905.3,918.55,922.5,902.65,4153228.0
2022-09-22T00:00:00+05:30,908.0,899.9,911.25,895.3,2317690.0
2022-09-23T00:00:00+05:30,921.1,902.6,926.7,902.6,4802181.0
2022-09-26T00:00:00+05:30,900.7,917.95,926.35,899.05,3760536.0
2022-09-27T00:00:00+05:30,897.15,905.25,909.85,894.4,3096645.0
2022-09-28T00:00:00+05:30,917.85,894.0,926.0,892.05,5559336.0
2022-09-29T00:00:00+05:30,930.7,925.1,955.5,925.1,8519098.0
2022-09-30T00:00:00+05:30,948.65,933.95,950.95,930.0,4182345.0
2022-10-03T00:00:00+05:30,944.5,952.95,967.85,942.75,4444578.0
2022-10-04T00:00:00+05:30,944.55,955.7,956.3,943.05,1856830.0
2022-10-06T00:00:00+05:30,953.9,954.7,962.0,947.55,3449485.0
2022-10-07T00:00:00+05:30,955.15,953.0,961.55,946.2,1762328.0
2022-10-10T00:00:00+05:30,946.05,945.95,954.25,935.25,1683827.0
2022-10-11T00:00:00+05:30,944.75,950.8,951.9,940.0,2426935.0
2022-10-12T00:00:00+05:30,955.55,946.0,960.0,941.05,2875040.0
2022-10-13T00:00:00+05:30,968.4,956.85,973.75,951.5,4498223.0
2022-10-14T00:00:00+05:30,976.3,976.0,979.9,964.0,3307000.0
2022-10-17T00:00:00+05:30,980.0,976.3,985.0,973.3,2647369.0
2022-10-18T00:00:00+05:30,978.35,983.75,985.0,972.75,2065146.0
2022-10-19T00:00:00+05:30,976.9,975.6,980.7,965.05,2424533.0
2022-10-20T00:00:00+05:30,980.35,970.0,982.85,966.55,1669666.0
2022-10-21T00:00:00+05:30,977.7,981.0,991.9,975.75,1791608.0
2022-10-24T00:00:00+05:30,987.0,986.0,989.95,982.1,191840.0
2022-10-25T00:00:00+05:30,991.55,991.95,997.35,985.5,2119595.0
2022-10-27T00:00:00+05:30,1011.65,999.0,1013.4,992.5,4379157.0
2022-10-28T00:00:00+05:30,990.0,1002.0,1003.5,987.55,3934980.0
2022-10-31T00:00:00+05:30,1016.9,994.95,1027.3,991.2,3546309.0
2022-11-01T00:00:00+05:30,1036.6,1021.95,1049.0,1019.15,5264069.0
2022-11-02T00:00:00+05:30,1051.95,1038.8,1070.95,1032.65,5923662.0
2022-11-03T00:00:00+05:30,1044.2,1045.0,1055.6,1039.55,2386317.0
2022-11-04T00:00:00+05:30,1039.9,1045.3,1046.4,1031.45,1576349.0
2022-11-07T00:00:00+05:30,1028.35,1045.0,1049.95,1021.0,2853521.0
2022-11-09T00:00:00+05:30,1013.55,1020.05,1036.65,1010.0,2268760.0
2022-11-10T00:00:00+05:30,1010.65,1010.0,1022.3,1006.75,2419991.0
2022-11-11T00:00:00+05:30,1013.55,1015.75,1031.45,1009.85,2390487.0
2022-11-14T00:00:00+05:30,1016.9,1018.65,1021.4,1002.0,1764788.0
2022-11-15T00:00:00+05:30,1016.05,1022.0,1022.0,1004.45,1703050.0
2022-11-16T00:00:00+05:30,1018.65,1007.1,1022.8,1007.1,1485506.0
2022-11-17T00:00:00+05:30,1013.35,1023.3,1030.5,1010.45,1758031.0
2022-11-18T00:00:00+05:30,1009.6,1015.25,1017.85,1006.0,1130682.0
2022-11-21T00:00:00+05:30,1003.15,1003.0,1012.8,993.5,1108922.0
2022-11-22T00:00:00+05:30,1010.1,1006.15,1012.4,996.25,1723123.0
2022-11-23T00:00:00+05:30,1017.65,1015.2,1019.1,1009.45,1311376.0
2022-11-24T00:00:00+05:30,1035.1,1020.65,1037.4,1013.8,1994268.0
2022-11-25T00:00:00+05:30,1033.85,1037.95,1037.95,1026.95,1948596.0
2022-11-28T00:00:00+05:30,1034.75,1033.0,1041.5,1027.95,1427648.0
2022-11-29T00:00:00+05:30,1049.85,1035.0,1051.2,1034.0,1179559.0
2022-11-30T00:00:00+05:30,1046.05,1053.0,1058.3,1039.35,3060171.0
2022-12-01T00:00:00+05:30,1046.45,1055.0,1057.85,1039.6,1878374.0
2022-12-02T00:00:00+05:30,1040.0,1048.3,1049.85,1034.8,2284133.0
2022-12-05T00:00:00+05:30,1039.4,1042.15,1045.95,1030.75,2294634.0
2022-12-06T00:00:00+05:30,1033.55,1039.4,1040.0,1023.25,1321211.0
2022-12-07T00:00:00+05:30,1017.75,1036.55,1037.15,1015.35,2954262.0
2022-12-08T00:00:00+05:30,980.8,1015.0,1018.0,975.0,10021644.0
2022-12-09T00:00:00+05:30,992.85,980.8,997.0,980.0,4231753.0
2022-12-12T00:00:00+05:30,987.4,994.9,995.0,980.15,1875104.0
2022-12-13T00:00:00+05:30,994.65,980.0,996.35,979.8,1863361.0
2022-12-14T00:00:00+05:30,1000.25,999.0,1003.0,994.55,1570685.0
2022-12-15T00:00:00+05:30,1002.2,1001.0,1007.0,998.1,1304660.0
2022-12-16T00:00:00+05:30,993.65,998.15,1005.1,987.6,2618988.0
2022-12-19T00:00:00+05:30,987.95,987.6,993.15,973.7,1547342.0
2022-12-20T00:00:00+05:30,988.35,987.95,990.65,979.4,1352408.0
2022-12-21T00:00:00+05:30,1005.6,992.0,1009.5,988.4,2043630.0
2022-12-22T00:00:00+05:30,1010.65,1019.95,1034.05,1007.05,5163443.0
2022-12-23T00:00:00+05:30,1001.55,1012.0,1027.85,998.45,3612433.0
2022-12-26T00:00:00+05:30,1000.05,1010.0,1011.8,988.7,2307374.0
2022-12-27T00:00:00+05:30,1000.15,1000.25,1015.75,993.0,1870105.0
2022-12-28T00:00:00+05:30,995.0,998.9,1010.6,993.0,1686511.0
2022-12-29T00:00:00+05:30,1000.55,998.55,1004.7,989.1,2162872.0
2022-12-30T00:00:00+05:30,1001.4,1004.0,1006.8,993.75,1629162.0
2023-01-02T00:00:00+05:30,997.0,1001.4,1001.4,987.2,1616012.0
2023-01-03T00:00:00+05:30,1009.1,993.0,1012.8,988.0,1810117.0
2023-01-04T00:00:00+05:30,1004.1,1012.0,1025.9,1000.75,2573870.0
2023-01-05T00:00:00+05:30,1016.2,1009.1,1021.9,1008.25,2246533.0
2023-01-06T00:00:00+05:30,1008.7,1015.0,1021.8,1004.1,1773153.0
2023-01-09T00:00:00+05:30,1016.85,1015.0,1023.35,1010.5,1567316.0
2023-01-10T00:00:00+05:30,1011.85,1016.0,1024.0,1010.05,1607654.0
2023-01-11T00:00:00+05:30,1028.0,1012.0,1033.05,1008.35,3258157.0
2023-01-12T00:00:00+05:30,1032.85,1031.95,1035.45,1021.15,1641398.0
2023-01-13T00:00:00+05:30,1031.6,1031.15,1035.0,1020.15,1491367.0
2023-01-16T00:00:00+05:30,1035.45,1031.6,1039.5,1026.1,1437532.0
2023-01-17T00:00:00+05:30,1032.7,1035.45,1036.0,1026.8,1245848.0
2023-01-18T00:00:00+05:30,1040.1,1032.7,1041.5,1030.15,1238451.0
2023-01-19T00:00:00+05:30,1040.55,1038.1,1044.0,1036.0,824263.0
2023-01-20T00:00:00+05:30,1030.35,1044.05,1047.5,1016.85,2963571.0
2023-01-23T00:00:00+05:30,1049.3,1035.0,1054.9,1022.5,2106604.0
2023-01-24T00:00:00+05:30,1040.7,1050.0,1050.95,1034.55,2088556.0
2023-01-25T00:00:00+05:30,1040.05,1030.3,1045.65,1030.3,1753333.0
2023-01-27T00:00:00+05:30,1043.4,1044.95,1051.0,1034.0,3448013.0
2023-01-30T00:00:00+05:30,1051.7,1041.95,1072.15,1040.2,3320916.0
2023-01-31T00:00:00+05:30,1034.5,1055.0,1060.3,1026.05,5265462.0
2023-02-01T00:00:00+05:30,1014.9,1036.45,1043.95,1005.1,4717887.0
2023-02-02T00:00:00+05:30,1007.6,1009.95,1015.7,993.0,2117181.0
2023-02-03T00:00:00+05:30,1028.15,1007.0,1032.45,1001.65,2332076.0
2023-02-06T00:00:00+05:30,1023.35,1020.0,1025.95,1012.75,1215157.0
2023-02-07T00:00:00+05:30,1006.4,1026.25,1028.5,1002.0,2360600.0
2023-02-08T00:00:00+05:30,1013.0,1004.8,1016.9,997.4,1815142.0
2023-02-09T00:00:00+05:30,1006.8,1003.0,1021.2,1001.4,1474402.0
2023-02-10T00:00:00+05:30,1006.6,1006.8,1014.35,996.7,1530150.0
2023-02-13T00:00:00+05:30,1015.25,1008.25,1017.35,1002.0,1355766.0
2023-02-14T00:00:00+05:30,1006.75,1018.0,1018.05,1003.25,1832842.0
2023-02-15T00:00:00+05:30,995.4,1002.0,1006.4,990.55,2251350.0
2023-02-16T00:00:00+05:30,995.15,998.9,1010.0,991.2,1678410.0
2023-02-17T00:00:00+05:30,984.5,992.2,996.5,982.0,1847026.0
2023-02-20T00:00:00+05:30,984.4,990.15,991.65,974.95,2157871.0
2023-02-21T00:00:00+05:30,971.6,990.0,990.8,969.15,1771813.0
2023-02-22T00:00:00+05:30,968.55,971.55,978.0,966.0,2605147.0
2023-02-23T00:00:00+05:30,972.5,973.0,977.25,964.05,2835983.0
2023-02-24T00:00:00+05:30,970.5,970.6,983.35,963.7,1823835.0
2023-02-27T00:00:00+05:30,965.05,970.5,972.55,960.05,1548675.0
2023-02-28T00:00:00+05:30,956.6,969.0,976.0,954.0,3819644.0
2023-03-01T00:00:00+05:30,959.3,951.0,966.05,951.0,1862513.0
2023-03-02T00:00:00+05:30,965.3,960.0,967.0,951.1,1510195.0
2023-03-03T00:00:00+05:30,966.9,967.05,969.75,958.15,2215832.0
2023-03-06T00:00:00+05:30,965.25,970.0,979.5,963.8,1989152.0
2023-03-08T00:00:00+05:30,957.5,960.0,965.0,947.0,4734482.0
2023-03-09T00:00:00+05:30,952.7,957.5,959.4,947.15,2994556.0
2023-03-10T00:00:00+05:30,955.55,946.5,957.5,946.1,2001392.0
2023-03-13T00:00:00+05:30,954.1,955.1,959.9,947.55,1412106.0
2023-03-14T00:00:00+05:30,957.2,953.5,963.75,950.3,1879695.0
2023-03-15T00:00:00+05:30,951.4,952.0,964.9,949.35,2189113.0
2023-03-16T00:00:00+05:30,967.4,955.25,970.0,951.7,2228093.0
2023-03-17T00:00:00+05:30,957.7,968.55,968.7,952.75,2218687.0
2023-03-20T00:00:00+05:30,961.2,950.0,962.65,947.35,1955757.0
2023-03-21T00:00:00+05:30,956.2,965.0,965.0,953.25,1687239.0
2023-03-22T00:00:00+05:30,972.05,957.0,974.4,956.6,1626129.0
2023-03-23T00:00:00+05:30,977.65,975.0,982.95,972.0,1857923.0
2023-03-24T00:00:00+05:30,972.85,977.6,979.0,968.0,1534322.0
2023-03-27T00:00:00+05:30,983.45,980.0,990.95,963.0,2473222.0
2023-03-28T00:00:00+05:30,984.2,987.0,987.8,976.3,1394675.0
2023-03-29T00:00:00+05:30,991.9,985.65,996.5,979.0,3045795.0
2023-03-31T00:00:00+05:30,983.1,995.2,995.2,981.4,1822710.0
2023-04-03T00:00:00+05:30,979.05,981.0,988.0,976.2,1671570.0
2023-04-05T00:00:00+05:30,997.15,985.0,999.0,975.3,1544121.0
2023-04-06T00:00:00+05:30,1012.1,997.15,1014.0,993.4,1423990.0
2023-04-10T00:00:00+05:30,1008.6,1015.0,1016.95,1006.65,1110974.0
2023-04-11T00:00:00+05:30,1009.25,1008.6,1022.25,1007.55,1786844.0
2023-04-12T00:00:00+05:30,1016.7,1015.5,1020.2,1005.25,3246327.0
2023-04-13T00:00:00+05:30,1003.5,1022.3,1023.85,1002.0,1445693.0
2023-04-17T00:00:00+05:30,998.7,999.45,1009.9,995.05,1768817.0
2023-04-18T00:00:00+05:30,1004.8,999.0,1006.25,988.3,1217390.0
2023-04-19T00:00:00+05:30,995.5,1003.5,1009.4,993.0,2174563.0
2023-04-20T00:00:00+05:30,987.75,999.1,1002.1,983.75,1638094.0
2023-04-21T00:00:00+05:30,989.45,994.3,994.3,984.95,1216575.0
2023-04-24T00:00:00+05:30,979.15,975.0,982.5,959.25,3485350.0
2023-04-25T00:00:00+05:30,972.5,980.0,982.9,967.0,2377746.0
2023-04-26T00:00:00+05:30,971.25,975.8,976.8,963.2,2911028.0
2023-04-27T00:00:00+05:30,978.7,968.0,981.6,963.55,2777173.0
2023-04-28T00:00:00+05:30,987.65,984.95,992.5,979.15,2009995.0
2023-05-02T00:00:00+05:30,973.05,987.65,988.9,970.3,3152556.0
2023-05-03T00:00:00+05:30,963.6,970.5,972.4,959.5,3087472.0
2023-05-04T00:00:00+05:30,974.0,967.65,975.9,965.15,1197830.0
2023-05-05T00:00:00+05:30,970.45,974.0,977.25,967.85,1062645.0
2023-05-08T00:00:00+05:30,961.85,962.0,969.0,961.0,2676958.0
2023-05-09T00:00:00+05:30,957.45,961.9,966.85,949.5,6902170.0
2023-05-10T00:00:00+05:30,953.8,957.0,959.95,951.6,2180917.0
2023-05-11T00:00:00+05:30,961.05,953.8,963.9,952.0,1296607.0
2023-05-12T00:00:00+05:30,956.0,961.0,963.1,952.0,2014927.0
2023-05-15T00:00:00+05:30,953.0,953.0,955.75,948.05,1814239.0
2023-05-16T00:00:00+05:30,940.95,953.0,962.55,938.0,2625163.0
2023-05-17T00:00:00+05:30,935.95,941.25,945.3,928.85,2956985.0
2023-05-18T00:00:00+05:30,929.65,943.0,943.0,922.45,3014019.0
2023-05-19T00:00:00+05:30,925.85,932.0,934.4,924.3,1309343.0
2023-05-22T00:00:00+05:30,937.45,925.85,942.75,922.85,1382485.0
2023-05-23T00:00:00+05:30,931.6,937.5,956.2,929.1,3057684.0
2023-05-24T00:00:00+05:30,952.15,935.5,954.8,932.6,2953574.0
2023-05-25T00:00:00+05:30,945.0,949.7,951.7,942.7,2331464.0
2023-05-26T00:00:00+05:30,969.9,943.95,976.7,937.0,4137189.0
2023-05-29T00:00:00+05:30,968.45,969.95,973.25,946.4,5344765.0
2023-05-30T00:00:00+05:30,959.6,965.0,967.45,956.3,2624815.0
2023-05-31T00:00:00+05:30,975.35,965.0,979.3,960.75,5595631.0
2023-06-01T00:00:00+05:30,987.7,979.8,990.45,975.0,3261906.0
2023-06-02T00:00:00+05:30,999.6,986.55,1003.7,981.0,3734815.0
2023-06-05T00:00:00+05:30,1008.75,1005.35,1017.7,998.5,3629780.0
2023-06-06T00:00:00+05:30,1013.8,1008.9,1015.95,1004.0,1632644.0
2023-06-07T00:00:00+05:30,1014.6,1015.0,1017.5,1010.0,1608613.0
2023-06-08T00:00:00+05:30,987.0,1015.0,1016.0,983.25,3395935.0
2023-06-09T00:00:00+05:30,983.95,984.0,990.7,981.0,2306206.0
2023-06-12T00:00:00+05:30,985.45,987.9,989.9,981.05,593319.0
2023-06-13T00:00:00+05:30,988.1,990.0,996.0,985.55,2413311.0
2023-06-14T00:00:00+05:30,986.7,991.6,995.0,984.25,2139387.0
2023-06-15T00:00:00+05:30,988.4,988.5,994.8,985.7,2731724.0
2023-06-16T00:00:00+05:30,992.0,990.0,994.65,987.2,3611214.0
2023-06-19T00:00:00+05:30,1001.8,995.15,1006.7,993.75,1327862.0
2023-06-20T00:00:00+05:30,991.95,1007.65,1007.75,989.6,1445688.0
2023-06-21T00:00:00+05:30,991.9,991.95,993.85,983.6,1396686.0
2023-06-22T00:00:00+05:30,990.3,987.1,996.2,987.1,5384143.0
2023-06-23T00:00:00+05:30,991.45,994.0,995.95,977.3,1218237.0
2023-06-26T00:00:00+05:30,994.95,994.0,1003.8,991.45,2066932.0
2023-06-27T00:00:00+05:30,1001.8,999.95,1003.35,986.0,4647465.0
2023-06-28T00:00:00+05:30,1021.8,995.0,1025.55,995.0,5296330.0
2023-06-29T00:00:00+05:30,1001.8,1001.8,1001.8,1001.8,0.0
2023-06-30T00:00:00+05:30,1051.6,1021.75,1055.0,1020.05,4765060.0
2023-07-03T00:00:00+05:30,1032.7,1053.0,1053.65,1030.0,2338356.0
2023-07-04T00:00:00+05:30,1048.8,1040.0,1053.9,1029.9,1549174.0
2023-07-05T00:00:00+05:30,1044.7,1055.0,1057.7,1042.65,1840716.0
2023-07-06T00:00:00+05:30,1042.5,1040.0,1056.6,1040.0,2551103.0
2023-07-07T00:00:00+05:30,1035.7,1033.5,1051.2,1028.75,1721224.0
2023-07-10T00:00:00+05:30,1045.0,1036.0,1051.0,1031.1,1221769.0
2023-07-11T00:00:00+05:30,1072.25,1052.0,1074.75,1049.05,4369937.0
2023-07-12T00:00:00+05:30,1078.75,1075.0,1083.75,1070.0,5088473.0
2023-07-13T00:00:00+05:30,1075.65,1081.9,1081.9,1071.7,1541690.0
2023-07-14T00:00:00+05:30,1072.95,1079.95,1080.0,1065.0,2641580.0
2023-07-17T00:00:00+05:30,1077.6,1073.7,1081.05,1070.5,1254025.0
2023-07-18T00:00:00+05:30,1067.15,1078.45,1078.9,1064.35,2238739.0
2023-07-19T00:00:00+05:30,1081.85,1067.15,1086.0,1063.85,2311282.0
2023-07-20T00:00:00+05:30,1097.65,1086.05,1104.5,1082.3,5218991.0
2023-07-21T00:00:00+05:30,1097.15,1103.4,1104.2,1090.35,1879610.0
2023-07-24T00:00:00+05:30,1100.4,1094.0,1107.35,1092.5,2130036.0
2023-07-25T00:00:00+05:30,1095.05,1110.0,1110.0,1090.8,1702900.0
2023-07-26T00:00:00+05:30,1112.0,1097.05,1114.4,1094.1,1321572.0
2023-07-27T00:00:00+05:30,1134.95,1128.0,1155.35,1116.3,6366612.0
2023-07-28T00:00:00+05:30,1138.55,1129.95,1143.9,1121.65,2677679.0
2023-07-31T00:00:00+05:30,1143.4,1140.0,1145.0,1127.0,1718336.0
2023-08-01T00:00:00+05:30,1143.45,1143.4,1152.65,1136.0,1448567.0
2023-08-02T00:00:00+05:30,1135.25,1143.95,1144.3,1126.45,1731918.0
2023-08-03T00:00:00+05:30,1141.0,1130.25,1169.7,1122.35,8460399.0
2023-08-04T00:00:00+05:30,1138.95,1129.0,1145.0,1121.05,3527805.0
2023-08-07T00:00:00+05:30,1160.8,1138.95,1166.75,1133.5,3353219.0
2023-08-08T00:00:00+05:30,1148.65,1162.2,1164.6,1139.95,3073468.0
2023-08-09T00:00:00+05:30,1152.8,1151.15,1159.3,1140.3,1306791.0
2023-08-10T00:00:00+05:30,1150.3,1150.6,1157.9,1143.6,1443067.0
2023-08-11T00:00:00+05:30,1132.35,1150.05,1151.0,1130.5,1756630.0
2023-08-14T00:00:00+05:30,1134.25,1131.0,1142.0,1120.5,1824622.0
2023-08-16T00:00:00+05:30,1143.65,1134.95,1145.5,1121.85,1224080.0
2023-08-17T00:00:00+05:30,1144.8,1143.65,1148.95,1137.5,1964341.0
2023-08-18T00:00:00+05:30,1134.9,1141.0,1149.3,1129.0,1473774.0
2023-08-21T00:00:00+05:30,1137.4,1129.95,1143.9,1127.15,941384.0
2023-08-22T00:00:00+05:30,1137.55,1135.0,1147.0,1130.0,1438879.0
2023-08-23T00:00:00+05:30,1123.7,1128.0,1130.45,1110.6,3050418.0
2023-08-24T00:00:00+05:30,1118.3,1123.6,1133.1,1113.2,1575291.0
2023-08-25T00:00:00+05:30,1106.3,1118.0,1123.3,1100.25,1515282.0
2023-08-28T00:00:00+05:30,1117.0,1110.05,1124.15,1105.15,1959645.0
2023-08-29T00:00:00+05:30,1111.6,1125.05,1125.05,1106.45,1749707.0
2023-08-30T00:00:00+05:30,1114.9,1117.5,1119.15,1110.5,1543173.0
2023-08-31T00:00:00+05:30,1111.6,1118.85,1118.85,1101.7,4782404.0
2023-09-01T00:00:00+05:30,1109.0,1112.0,1117.5,1105.75,2715249.0
2023-09-04T00:00:00+05:30,1108.9,1114.0,1114.0,1102.0,1205294.0
2023-09-05T00:00:00+05:30,1131.9,1110.0,1136.0,1107.2,1698118.0
2023-09-06T00:00:00+05:30,1142.35,1137.0,1149.0,1129.05,2960249.0
2023-09-07T00:00:00+05:30,1133.05,1140.0,1141.45,1128.6,1863837.0
2023-09-08T00:00:00+05:30,1130.45,1133.0,1138.05,1128.5,1789037.0
2023-09-11T00:00:00+05:30,1136.9,1130.45,1140.0,1125.7,2032253.0
2023-09-12T00:00:00+05:30,1145.25,1142.05,1153.8,1137.1,3989578.0
2023-09-13T00:00:00+05:30,1148.75,1149.0,1156.7,1142.3,2115524.0
2023-09-14T00:00:00+05:30,1143.8,1148.75,1150.9,1138.75,2065163.0
2023-09-15T00:00:00+05:30,1149.8,1144.0,1153.8,1144.0,2404169.0
2023-09-18T00:00:00+05:30,1147.65,1149.0,1157.0,1142.55,962842.0
2023-09-20T00:00:00+05:30,1153.15,1148.0,1156.0,1139.0,2303191.0
2023-09-21T00:00:00+05:30,1146.15,1149.0,1156.95,1141.15,2088934.0
2023-09-22T00:00:00+05:30,1132.35,1142.5,1148.0,1128.3,1585418.0
2023-09-25T00:00:00+05:30,1124.05,1126.2,1136.8,1121.65,1009279.0
2023-09-26T00:00:00+05:30,1125.85,1125.0,1130.0,1118.5,1966198.0
2023-09-27T00:00:00+05:30,1139.95,1126.15,1145.9,1123.2,2332018.0
2023-09-28T00:00:00+05:30,1132.3,1142.95,1152.0,1128.85,2685663.0
2023-09-29T00:00:00+05:30,1158.65,1134.3,1167.4,1134.3,2288577.0
2023-10-03T00:00:00+05:30,1141.45,1159.55,1161.95,1139.25,1946966.0
2023-10-04T00:00:00+05:30,1123.8,1138.1,1139.0,1113.0,1803871.0
2023-10-05T00:00:00+05:30,1119.1,1124.65,1128.65,1111.8,2348562.0
2023-10-06T00:00:00+05:30,1127.3,1128.0,1132.15,1123.1,1056281.0
2023-10-09T00:00:00+05:30,1123.05,1111.0,1133.8,1109.0,1080276.0
2023-10-10T00:00:00+05:30,1126.5,1122.0,1130.4,1119.8,1092093.0
2023-10-11T00:00:00+05:30,1128.75,1128.0,1134.45,1122.35,1456045.0
2023-10-12T00:00:00+05:30,1130.4,1129.0,1132.55,1121.2,1221965.0
2023-10-13T00:00:00+05:30,1145.3,1126.1,1147.2,1122.0,1934884.0
2023-10-16T00:00:00+05:30,1135.3,1141.5,1147.25,1133.05,1144308.0
2023-10-17T00:00:00+05:30,1136.8,1138.65,1144.0,1134.0,798807.0
2023-10-18T00:00:00+05:30,1153.4,1137.0,1161.8,1134.05,2178517.0
2023-10-19T00:00:00+05:30,1141.5,1147.4,1150.0,1135.0,1765065.0
2023-10-20T00:00:00+05:30,1142.2,1138.0,1145.0,1133.1,957910.0
2023-10-23T00:00:00+05:30,1122.45,1135.0,1149.2,1118.0,702730.0
2023-10-25T00:00:00+05:30,1120.3,1125.0,1129.7,1112.8,1800673.0
2023-10-26T00:00:00+05:30,1103.7,1115.95,1117.95,1097.5,2223975.0
2023-10-27T00:00:00+05:30,1111.3,1112.0,1119.8,1107.65,1250965.0
2023-10-30T00:00:00+05:30,1115.2,1115.7,1119.95,1103.85,1078813.0
2023-10-31T00:00:00+05:30,1088.6,1119.45,1119.6,1068.35,6475786.0
2023-11-01T00:00:00+05:30,1116.2,1092.0,1132.55,1082.6,3973264.0
2023-11-02T00:00:00+05:30,1132.85,1127.85,1137.55,1110.6,3454692.0
2023-11-03T00:00:00+05:30,1141.1,1138.5,1145.7,1131.5,1741756.0
2023-11-06T00:00:00+05:30,1150.0,1140.1,1151.0,1140.0,1428537.0
2023-11-07T00:00:00+05:30,1170.95,1149.0,1173.55,1146.55,1811831.0
2023-11-08T00:00:00+05:30,1176.7,1175.0,1182.9,1171.0,1702301.0
2023-11-09T00:00:00+05:30,1176.2,1181.0,1183.25,1166.85,1849169.0
2023-11-10T00:00:00+05:30,1179.35,1174.05,1181.5,1170.1,957539.0
2023-11-12T00:00:00+05:30,1180.6,1181.5,1187.0,1177.3,127885.0
2023-11-13T00:00:00+05:30,1177.8,1180.1,1187.55,1173.75,816825.0
2023-11-15T00:00:00+05:30,1180.9,1179.5,1184.4,1171.0,2246320.0
2023-11-16T00:00:00+05:30,1189.55,1182.0,1194.9,1179.6,2205723.0
2023-11-17T00:00:00+05:30,1194.6,1189.8,1198.4,1187.95,891965.0
2023-11-20T00:00:00+05:30,1188.0,1196.0,1198.25,1185.25,1054810.0
2023-11-21T00:00:00+05:30,1201.4,1189.0,1205.0,1186.25,999135.0
2023-11-22T00:00:00+05:30,1204.1,1205.0,1214.8,1199.0,1401782.0
2023-11-23T00:00:00+05:30,1198.8,1203.55,1209.9,1194.75,1177434.0
2023-11-24T00:00:00+05:30,1195.45,1200.0,1209.6,1192.8,1376695.0
2023-11-28T00:00:00+05:30,1191.35,1197.15,1200.35,1189.75,886708.0
2023-11-29T00:00:00+05:30,1202.2,1191.95,1209.5,1184.5,1813462.0
2023-11-30T00:00:00+05:30,1225.85,1192.35,1231.15,1192.35,4672807.0
2023-12-01T00:00:00+05:30,1231.25,1233.05,1241.85,1225.0,1749751.0
2023-12-04T00:00:00+05:30,1231.15,1237.25,1240.0,1220.5,1615837.0
2023-12-05T00:00:00+05:30,1239.55,1225.9,1243.6,1220.55,930042.0
2023-12-06T00:00:00+05:30,1240.35,1248.55,1258.0,1233.3,1704590.0
2023-12-07T00:00:00+05:30,1239.3,1231.0,1241.9,1228.9,1478355.0
2023-12-08T00:00:00+05:30,1235.8,1236.05,1247.6,1230.65,1612113.0
2023-12-11T00:00:00+05:30,1241.4,1236.0,1246.35,1215.1,1172972.0
2023-12-12T00:00:00+05:30,1218.0,1249.0,1250.0,1212.65,2832873.0
2023-12-13T00:00:00+05:30,1233.1,1218.3,1239.6,1212.65,2448178.0
2023-12-14T00:00:00+05:30,1231.3,1239.0,1239.9,1224.25,2341190.0
2023-12-15T00:00:00+05:30,1235.75,1241.0,1246.5,1233.0,3474624.0
2023-12-18T00:00:00+05:30,1252.75,1235.75,1267.9,1234.0,2135393.0
2023-12-19T00:00:00+05:30,1244.95,1264.8,1267.95,1236.5,2187458.0
2023-12-20T00:00:00+05:30,1232.15,1255.0,1255.0,1228.45,1837031.0
2023-12-21T00:00:00+05:30,1233.5,1224.1,1237.95,1208.55,1916222.0
2023-12-22T00:00:00+05:30,1243.65,1240.0,1251.0,1236.05,2058127.0
2023-12-26T00:00:00+05:30,1247.5,1243.65,1250.0,1239.3,1796483.0
2023-12-27T00:00:00+05:30,1252.45,1250.0,1255.4,1241.25,2005268.0
2023-12-28T00:00:00+05:30,1262.15,1254.95,1264.65,1249.55,2043365.0
2023-12-29T00:00:00+05:30,1259.45,1262.1,1271.95,1252.55,1840160.0
2024-01-01T00:00:00+05:30,1260.25,1261.0,1263.95,1252.5,733452.0
2024-01-02T00:00:00+05:30,1296.2,1261.0,1299.0,1257.15,3174447.0
2024-01-03T00:00:00+05:30,1298.6,1296.2,1304.65,1291.15,1699057.0
2024-01-04T00:00:00+05:30,1312.95,1304.0,1328.5,1297.05,2851729.0
2024-01-05T00:00:00+05:30,1300.2,1318.0,1318.0,1287.0,2960339.0
2024-01-08T00:00:00+05:30,1305.3,1305.4,1309.95,1299.3,1678133.0
2024-01-09T00:00:00+05:30,1324.0,1314.95,1333.45,1306.85,1712486.0
2024-01-10T00:00:00+05:30,1324.85,1330.05,1333.5,1313.15,1278475.0
2024-01-11T00:00:00+05:30,1316.25,1328.0,1331.9,1310.2,1320281.0
2024-01-12T00:00:00+05:30,1325.95,1319.0,1330.0,1305.55,1538242.0
2024-01-15T00:00:00+05:30,1329.35,1329.2,1340.0,1321.6,1475983.0
2024-01-16T00:00:00+05:30,1313.45,1330.05,1331.55,1307.55,824502.0
2024-01-17T00:00:00+05:30,1299.0,1312.0,1320.45,1294.35,2544642.0
2024-01-18T00:00:00+05:30,1335.75,1298.95,1343.4,1290.0,2842572.0
2024-01-19T00:00:00+05:30,1335.6,1340.0,1344.4,1329.15,1605745.0
2024-01-20T00:00:00+05:30,1326.15,1339.0,1346.35,1324.25,284105.0
2024-01-22T00:00:00+05:30,1335.6,1335.6,1335.6,1335.6,0.0
2024-01-23T00:00:00+05:30,1378.3,1316.0,1394.6,1316.0,4129729.0
2024-01-24T00:00:00+05:30,1382.1,1380.0,1390.0,1360.35,1719845.0
2024-01-25T00:00:00+05:30,1368.3,1383.55,1390.1,1348.5,1870910.0
2024-01-29T00:00:00+05:30,1400.85,1365.0,1420.85,1355.2,3413149.0
2024-01-30T00:00:00+05:30,1371.75,1401.9,1409.2,1369.15,1935332.0
2024-01-31T00:00:00+05:30,1418.45,1371.7,1438.9,1366.9,5796356.0
2024-02-01T00:00:00+05:30,1407.95,1427.0,1430.45,1398.9,2442481.0
2024-02-02T00:00:00+05:30,1416.65,1409.0,1433.85,1405.15,1775449.0
2024-02-05T00:00:00+05:30,1463.8,1426.8,1466.0,1423.6,3481964.0
2024-02-06T00:00:00+05:30,1475.1,1450.0,1478.0,1446.55,1893995.0
2024-02-07T00:00:00+05:30,1496.2,1483.0,1500.45,1480.4,2259235.0
2024-02-08T00:00:00+05:30,1499.6,1501.05,1507.5,1485.35,2213750.0
2024-02-09T00:00:00+05:30,1534.8,1500.9,1539.0,1492.25,6343881.0
2024-02-12T00:00:00+05:30,1534.45,1539.85,1555.1,1521.1,4059288.0
2024-02-13T00:00:00+05:30,1542.2,1537.5,1551.0,1525.45,4687838.0
2024-02-14T00:00:00+05:30,1520.4,1545.8,1545.8,1508.05,2105672.0
2024-02-15T00:00:00+05:30,1509.9,1529.05,1529.05,1505.55,2161691.0
2024-02-16T00:00:00+05:30,1509.95,1515.0,1522.0,1504.85,3480879.0
2024-02-19T00:00:00+05:30,1530.1,1514.85,1532.75,1507.4,777823.0
2024-02-20T00:00:00+05:30,1538.7,1532.0,1542.0,1512.25,2230669.0
2024-02-21T00:00:00+05:30,1543.4,1540.05,1549.5,1533.0,1993748.0
2024-02-22T00:00:00+05:30,1558.05,1549.6,1561.0,1535.0,1981678.0
2024-02-23T00:00:00+05:30,1561.25,1558.0,1568.45,1550.4,1340283.0
2024-02-26T00:00:00+05:30,1556.95,1562.0,1566.9,1548.7,974892.0
2024-02-27T00:00:00+05:30,1582.75,1556.75,1585.45,1549.05,2140963.0
2024-02-28T00:00:00+05:30,1573.85,1586.5,1587.45,1562.65,578316.0
2024-02-29T00:00:00+05:30,1577.95,1575.0,1587.8,1556.5,2350244.0
2024-03-01T00:00:00+05:30,1559.25,1580.0,1581.9,1548.05,4069161.0
2024-03-02T00:00:00+05:30,1550.55,1570.0,1570.0,1524.0,95487.0
2024-03-04T00:00:00+05:30,1552.1,1550.55,1569.1,1548.9,2298105.0
2024-03-05T00:00:00+05:30,1574.2,1553.8,1576.4,1535.4,1408172.0
2024-03-06T00:00:00+05:30,1604.0,1575.0,1606.75,1566.4,1761032.0
2024-03-07T00:00:00+05:30,1605.7,1610.75,1619.95,1600.4,2440999.0
2024-03-11T00:00:00+05:30,1593.6,1615.15,1627.0,1586.4,2994345.0
2024-03-12T00:00:00+05:30,1584.3,1592.2,1603.8,1580.15,1294598.0
2024-03-13T00:00:00+05:30,1558.6,1581.2,1592.2,1544.0,2881503.0
2024-03-14T00:00:00+05:30,1570.2,1567.25,1574.3,1546.25,3062556.0
2024-03-15T00:00:00+05:30,1548.2,1568.75,1573.5,1541.2,3421374.0
2024-03-18T00:00:00+05:30,1571.25,1548.25,1576.25,1543.45,2281873.0
2024-03-19T00:00:00+05:30,1548.45,1574.0,1579.75,1540.4,3692624.0
2024-03-20T00:00:00+05:30,1549.35,1559.95,1559.95,1520.5,3412218.0
2024-03-21T00:00:00+05:30,1565.2,1564.8,1570.85,1542.55,2567975.0
2024-03-22T00:00:00+05:30,1608.9,1568.9,1621.0,1566.1,4941447.0
2024-03-26T00:00:00+05:30,1598.1,1595.05,1614.7,1593.1,3649049.0
2024-03-27T00:00:00+05:30,1604.15,1602.0,1626.15,1592.1,2530169.0
2024-03-28T00:00:00+05:30,1620.55,1609.95,1634.0,1607.95,4427587.0
2024-04-01T00:00:00+05:30,1629.25,1631.6,1633.75,1618.5,1148498.0
2024-04-02T00:00:00+05:30,1622.25,1629.25,1633.0,1609.9,1921533.0
2024-04-03T00:00:00+05:30,1619.85,1609.0,1628.95,1594.2,2098379.0
2024-04-04T00:00:00+05:30,1619.35,1620.9,1628.0,1587.15,2439461.0
2024-04-05T00:00:00+05:30,1609.0,1611.0,1638.85,1606.1,1548980.0
2024-04-08T00:00:00+05:30,1599.7,1611.0,1618.9,1597.0,1170390.0
2024-04-09T00:00:00+05:30,1602.55,1601.0,1608.85,1591.95,1389391.0
2024-04-10T00:00:00+05:30,1604.05,1603.05,1608.5,1583.75,1928878.0
2024-04-12T00:00:00+05:30,1540.0,1595.0,1595.0,1534.0,8258068.0
2024-04-15T00:00:00+05:30,1540.05,1517.6,1544.1,1503.8,2474028.0
2024-04-16T00:00:00+05:30,1537.55,1535.0,1543.3,1525.15,2058697.0
2024-04-18T00:00:00+05:30,1516.4,1545.55,1545.55,1506.45,3266796.0
2024-04-19T00:00:00+05:30,1522.8,1505.0,1528.3,1503.7,2536516.0
2024-04-22T00:00:00+05:30,1540.1,1528.45,1548.0,1521.95,1680307.0
2024-04-23T00:00:00+05:30,1484.65,1562.0,1562.45,1477.7,9160422.0
2024-04-24T00:00:00+05:30,1485.75,1484.65,1503.0,1479.35,4652803.0
2024-04-25T00:00:00+05:30,1520.15,1490.0,1527.3,1488.65,3846327.0
2024-04-26T00:00:00+05:30,1506.55,1531.0,1532.0,1500.05,1794350.0
2024-04-29T00:00:00+05:30,1521.6,1516.0,1527.8,1510.05,1091667.0
2024-04-30T00:00:00+05:30,1502.1,1527.0,1529.15,1497.0,1991646.0
2024-05-02T00:00:00+05:30,1519.0,1503.0,1530.0,1502.0,2494925.0
2024-05-03T00:00:00+05:30,1511.15,1527.0,1537.0,1501.5,3183226.0
2024-05-06T00:00:00+05:30,1529.15,1518.0,1534.0,1508.75,1240626.0
2024-05-07T00:00:00+05:30,1515.35,1535.95,1543.15,1510.1,1532550.0
2024-05-08T00:00:00+05:30,1521.75,1510.0,1525.8,1502.25,1026357.0
2024-05-09T00:00:00+05:30,1494.65,1521.2,1529.95,1489.8,1477007.0
2024-05-10T00:00:00+05:30,1506.55,1494.65,1526.45,1491.0,1528487.0
2024-05-13T00:00:00+05:30,1525.05,1513.0,1530.0,1502.0,1628326.0
2024-05-14T00:00:00+05:30,1545.25,1525.0,1547.95,1516.05,2206236.0
2024-05-15T00:00:00+05:30,1527.4,1545.25,1550.25,1520.35,1207536.0
2024-05-16T00:00:00+05:30,1536.3,1529.0,1541.15,1508.3,2684392.0
2024-05-17T00:00:00+05:30,1531.4,1536.0,1537.3,1520.15,1341676.0
2024-05-18T00:00:00+05:30,1531.9,1531.4,1538.7,1523.35,51458.0
2024-05-21T00:00:00+05:30,1540.95,1530.0,1558.3,1524.0,1791791.0
2024-05-22T00:00:00+05:30,1539.3,1547.0,1564.0,1505.4,3948239.0
2024-05-23T00:00:00+05:30,1495.1,1510.0,1510.0,1467.0,11618479.0
2024-05-24T00:00:00+05:30,1486.7,1504.0,1505.7,1477.1,5307322.0
2024-05-27T00:00:00+05:30,1466.05,1486.7,1501.0,1460.55,3474806.0
2024-05-28T00:00:00+05:30,1464.9,1468.95,1479.1,1455.95,2616438.0
2024-05-29T00:00:00+05:30,1478.95,1468.1,1495.0,1465.65,2843365.0
2024-05-30T00:00:00+05:30,1459.1,1476.0,1477.4,1449.5,3133423.0
2024-05-31T00:00:00+05:30,1459.8,1465.0,1479.4,1440.0,5503924.0
2024-06-03T00:00:00+05:30,1453.05,1496.5,1498.0,1451.0,1855318.0
2024-06-04T00:00:00+05:30,1429.85,1461.6,1476.3,1377.2,5055952.0
2024-06-05T00:00:00+05:30,1487.3,1449.7,1490.0,1432.0,2487724.0
2024-06-06T00:00:00+05:30,1472.7,1494.0,1494.0,1455.05,3004955.0
2024-06-07T00:00:00+05:30,1506.85,1479.9,1510.1,1472.15,3404664.0
2024-06-10T00:00:00+05:30,1513.1,1519.0,1521.7,1505.1,1433942.0
2024-06-11T00:00:00+05:30,1499.75,1524.0,1525.0,1497.35,1441589.0
2024-06-12T00:00:00+05:30,1506.85,1500.0,1514.55,1495.85,994784.0
2024-06-13T00:00:00+05:30,1510.8,1514.6,1514.6,1498.0,1412477.0
2024-06-14T00:00:00+05:30,1516.0,1513.85,1518.0,1505.55,937490.0
2024-06-18T00:00:00+05:30,1520.95,1522.6,1522.85,1510.2,1478241.0
2024-06-19T00:00:00+05:30,1504.0,1524.95,1529.85,1500.0,1537367.0
2024-06-20T00:00:00+05:30,1471.0,1487.95,1487.95,1467.0,4168375.0
2024-06-21T00:00:00+05:30,1467.25,1480.1,1488.0,1460.9,4426556.0
2024-06-24T00:00:00+05:30,1494.5,1475.05,1502.9,1475.05,3726155.0
2024-06-25T00:00:00+05:30,1505.2,1498.05,1508.0,1492.3,1833311.0
2024-06-26T00:00:00+05:30,1521.15,1502.0,1528.9,1495.25,2563493.0
2024-06-27T00:00:00+05:30,1516.25,1525.0,1528.05,1505.0,3881458.0
2024-06-28T00:00:00+05:30,1520.85,1520.0,1538.95,1515.6,2634599.0
2024-07-01T00:00:00+05:30,1520.1,1520.85,1530.0,1503.85,1451094.0
2024-07-02T00:00:00+05:30,1524.05,1514.0,1534.9,1508.25,1336816.0
2024-07-03T00:00:00+05:30,1533.95,1519.35,1536.25,1498.3,1061099.0
2024-07-04T00:00:00+05:30,1557.9,1535.0,1571.0,1526.0,2630823.0
2024-07-05T00:00:00+05:30,1568.4,1562.0,1574.75,1557.0,2481046.0
2024-07-08T00:00:00+05:30,1556.4,1570.6,1574.8,1550.95,1120204.0
2024-07-09T00:00:00+05:30,1585.4,1564.8,1589.9,1549.8,1492840.0
2024-07-10T00:00:00+05:30,1598.55,1592.8,1601.15,1567.6,1899956.0
2024-07-11T00:00:00+05:30,1581.75,1601.0,1602.5,1572.3,1707500.0
2024-07-12T00:00:00+05:30,1577.3,1582.0,1587.35,1550.0,1426598.0
2024-07-15T00:00:00+05:30,1581.0,1579.95,1594.7,1577.3,832804.0
2024-07-16T00:00:00+05:30,1576.0,1589.0,1595.0,1574.95,688481.0
2024-07-18T00:00:00+05:30,1594.25,1575.0,1596.6,1570.25,1665636.0
2024-07-19T00:00:00+05:30,1568.65,1584.7,1589.75,1565.15,1649335.0
2024-07-22T00:00:00+05:30,1587.35,1555.05,1589.5,1555.05,826636.0
2024-07-23T00:00:00+05:30,1601.6,1587.0,1605.65,1574.3,1502677.0
2024-07-24T00:00:00+05:30,1619.45,1602.0,1624.95,1592.0,2923358.0
2024-07-25T00:00:00+05:30,1665.8,1614.85,1681.3,1602.2,5329712.0
2024-07-26T00:00:00+05:30,1714.25,1670.45,1723.8,1665.0,4591049.0
2024-07-29T00:00:00+05:30,1723.25,1715.25,1728.75,1692.75,3187339.0
2024-07-30T00:00:00+05:30,1701.6,1716.1,1725.45,1697.0,1525840.0
2024-07-31T00:00:00+05:30,1719.35,1702.1,1730.95,1695.2,1594881.0
2024-08-01T00:00:00+05:30,1715.2,1725.5,1746.45,1681.3,5258291.0
2024-08-02T00:00:00+05:30,1731.65,1700.0,1741.8,1683.85,2992406.0
2024-08-05T00:00:00+05:30,1720.35,1725.0,1758.0,1715.0,5165558.0
2024-08-06T00:00:00+05:30,1707.55,1725.0,1734.0,1703.95,1710278.0
2024-08-07T00:00:00+05:30,1734.45,1720.0,1736.85,1709.4,1922313.0
2024-08-08T00:00:00+05:30,1737.05,1735.0,1748.65,1728.35,2480113.0
2024-08-09T00:00:00+05:30,1735.3,1749.8,1749.8,1730.05,751683.0
2024-08-12T00:00:00+05:30,1733.85,1735.0,1748.5,1730.05,1526788.0
2024-08-13T00:00:00+05:30,1740.1,1740.0,1751.85,1725.6,2076963.0
2024-08-14T00:00:00+05:30,1741.65,1747.5,1753.0,1732.6,2207250.0
2024-08-15T00:00:00+05:30,1742.75,1749.6,1751.15,1728.65,2180718.0
2024-08-16T00:00:00+05:30,1742.75,1749.6,1751.15,1728.65,2180718.0
2024-08-19T00:00:00+05:30,1747.8,1752.85,1752.85,1740.65,1363446.0
2024-08-20T00:00:00+05:30,1766.35,1751.8,1770.8,1745.15,1766597.0
2024-08-21T00:00:00+05:30,1764.65,1770.0,1771.95,1757.3,1184193.0
2024-08-22T00:00:00+05:30,1750.65,1769.5,1769.5,1748.4,1369554.0
2024-08-23T00:00:00+05:30,1775.75,1753.75,1781.45,1751.9,3515492.0
2024-08-26T00:00:00+05:30,1772.45,1780.0,1780.0,1764.5,933372.0
2024-08-27T00:00:00+05:30,1789.4,1778.0,1792.6,1767.15,1231023.0
2024-08-28T00:00:00+05:30,1811.85,1796.9,1823.0,1786.35,1768949.0
2024-08-29T00:00:00+05:30,1799.2,1809.9,1826.85,1790.25,3205924.0
2024-08-30T00:00:00+05:30,1821.65,1798.15,1828.15,1791.3,3036374.0
2024-09-02T00:00:00+05:30,1815.95,1829.95,1837.0,1805.2,1617946.0
2024-09-03T00:00:00+05:30,1811.5,1820.0,1839.55,1805.1,2148689.0
2024-09-04T00:00:00+05:30,1832.85,1811.5,1835.0,1801.3,2473477.0
2024-09-05T00:00:00+05:30,1826.5,1833.2,1843.9,1820.0,1902919.0
2024-09-06T00:00:00+05:30,1824.55,1819.55,1850.0,1805.0,1701134.0
2024-09-09T00:00:00+05:30,1821.85,1824.55,1835.4,1812.85,1544883.0
2024-09-10T00:00:00+05:30,1836.35,1830.0,1842.25,1825.7,1460472.0
2024-09-11T00:00:00+05:30,1845.7,1836.4,1857.5,1831.1,1701900.0
2024-09-12T00:00:00+05:30,1865.4,1855.15,1871.5,1840.4,2744070.0
2024-09-13T00:00:00+05:30,1853.75,1865.0,1865.0,1851.4,1322430.0
2024-09-16T00:00:00+05:30,1862.95,1862.0,1873.35,1850.9,1284085.0
2024-09-17T00:00:00+05:30,1866.1,1863.0,1869.65,1859.25,738265.0
2024-09-18T00:00:00+05:30,1836.0,1868.0,1868.0,1829.6,1202676.0
2024-09-19T00:00:00+05:30,1846.05,1845.2,1856.0,1835.0,1675819.0
2024-09-20T00:00:00+05:30,1865.75,1851.1,1871.0,1841.9,4229991.0
2024-09-23T00:00:00+05:30,1862.7,1867.0,1875.0,1857.5,812520.0
2024-09-24T00:00:00+05:30,1868.1,1856.0,1880.65,1856.0,2528953.0
2024-09-25T00:00:00+05:30,1870.55,1874.0,1876.0,1858.55,956893.0
2024-09-26T00:00:00+05:30,1898.4,1870.55,1905.0,1867.05,2452807.0
2024-09-27T00:00:00+05:30,1948.7,1917.95,1959.3,1915.25,3809008.0
2024-09-30T00:00:00+05:30,1926.7,1949.0,1960.35,1921.05,2608461.0
2024-10-01T00:00:00+05:30,1919.95,1924.85,1934.75,1902.35,1275678.0
2024-10-03T00:00:00+05:30,1910.85,1900.8,1936.3,1896.05,2492195.0
2024-10-04T00:00:00+05:30,1910.05,1910.85,1952.25,1903.65,2798189.0
2024-10-07T00:00:00+05:30,1905.25,1910.05,1917.95,1888.05,1691999.0
2024-10-08T00:00:00+05:30,1917.15,1904.0,1921.45,1901.55,2309881.0
2024-10-09T00:00:00+05:30,1930.85,1894.55,1947.0,1894.5,1597182.0
2024-10-10T00:00:00+05:30,1887.75,1929.6,1937.95,1883.9,2383012.0
2024-10-11T00:00:00+05:30,1901.95,1899.0,1909.35,1890.5,1019117.0
2024-10-14T00:00:00+05:30,1909.75,1903.0,1915.75,1895.1,676879.0
2024-10-15T00:00:00+05:30,1898.45,1918.0,1920.4,1894.65,1383203.0
2024-10-16T00:00:00+05:30,1898.5,1908.95,1914.7,1887.0,1401914.0
2024-10-17T00:00:00+05:30,1889.55,1923.55,1923.65,1879.65,1447059.0
2024-10-18T00:00:00+05:30,1910.35,1900.0,1917.9,1872.7,1203693.0
2024-10-21T00:00:00+05:30,1897.0,1918.8,1920.55,1890.55,660583.0
2024-10-22T00:00:00+05:30,1887.55,1892.0,1906.0,1881.0,1192915.0
2024-10-23T00:00:00+05:30,1839.35,1880.05,1889.55,1832.0,1673366.0
2024-10-24T00:00:00+05:30,1848.9,1830.0,1859.55,1829.45,1739776.0
2024-10-25T00:00:00+05:30,1860.4,1856.8,1875.6,1850.1,2148004.0
2024-10-28T00:00:00+05:30,1902.9,1863.2,1916.0,1835.0,2445724.0
2024-10-29T00:00:00+05:30,1871.6,1922.0,1922.7,1862.0,2295542.0
2024-10-30T00:00:00+05:30,1852.1,1868.5,1880.9,1820.0,1900203.0
2024-10-31T00:00:00+05:30,1848.9,1860.0,1872.5,1842.1,2572932.0
2024-11-01T00:00:00+05:30,1858.4,1860.0,1864.95,1831.55,107596.0
2024-11-04T00:00:00+05:30,1808.9,1845.0,1845.0,1760.1,5031861.0
2024-11-05T00:00:00+05:30,1803.6,1805.0,1833.0,1799.45,1658010.0
2024-11-06T00:00:00+05:30,1827.45,1815.55,1840.0,1802.2,2060619.0
2024-11-07T00:00:00+05:30,1790.95,1845.0,1845.0,1778.8,1909269.0
2024-11-08T00:00:00+05:30,1809.6,1799.8,1815.05,1790.95,1644075.0
2024-11-11T00:00:00+05:30,1794.6,1817.4,1817.65,1791.95,1069649.0
2024-11-12T00:00:00+05:30,1800.85,1801.9,1825.0,1795.1,2471888.0
2024-11-13T00:00:00+05:30,1779.0,1791.0,1797.3,1770.45,1810332.0
2024-11-14T00:00:00+05:30,1768.2,1779.7,1796.0,1763.15,1473358.0
2024-11-18T00:00:00+05:30,1747.75,1799.0,1799.0,1743.2,1533025.0
2024-11-19T00:00:00+05:30,1777.25,1730.05,1806.75,1730.0,1933316.0
2024-11-21T00:00:00+05:30,1780.0,1772.0,1791.45,1758.05,2014349.0
2024-11-22T00:00:00+05:30,1795.3,1785.0,1814.95,1768.05,1420813.0
2024-11-25T00:00:00+05:30,1798.9,1806.0,1830.0,1784.15,3137448.0
2024-11-26T00:00:00+05:30,1761.6,1806.75,1806.75,1753.2,1589883.0
2024-11-27T00:00:00+05:30,1749.45,1760.1,1778.6,1740.25,1982546.0
2024-11-28T00:00:00+05:30,1734.25,1749.45,1760.7,1723.4,3071758.0
2024-11-29T00:00:00+05:30,1780.9,1742.9,1795.8,1739.2,2427677.0
2024-12-02T00:00:00+05:30,1808.55,1800.0,1814.0,1792.15,1948045.0
2024-12-03T00:00:00+05:30,1800.05,1831.25,1832.0,1788.35,1543970.0
2024-12-04T00:00:00+05:30,1800.2,1810.5,1814.85,1785.0,2320116.0
2024-12-05T00:00:00+05:30,1813.45,1808.7,1825.95,1775.4,2742263.0
2024-12-06T00:00:00+05:30,1804.85,1815.85,1823.95,1801.0,1590478.0
2024-12-09T00:00:00+05:30,1806.65,1814.8,1819.95,1796.7,1528215.0
2024-12-10T00:00:00+05:30,1809.95,1821.0,1823.0,1796.0,2043634.0
2024-12-11T00:00:00+05:30,1814.0,1824.3,1826.35,1805.05,1745911.0
2024-12-12T00:00:00+05:30,1805.45,1819.0,1820.0,1798.05,1082394.0
2024-12-13T00:00:00+05:30,1813.45,1804.75,1816.8,1774.05,1391111.0
2024-12-16T00:00:00+05:30,1809.8,1818.7,1822.5,1792.35,1483330.0
2024-12-17T00:00:00+05:30,1789.05,1810.0,1815.75,1783.1,1608164.0
2024-12-18T00:00:00+05:30,1801.05,1798.0,1822.45,1792.8,1732860.0
2024-12-19T00:00:00+05:30,1823.3,1801.0,1829.4,1790.8,1924091.0
2024-12-20T00:00:00+05:30,1808.85,1823.3,1825.95,1794.1,2513418.0
2024-12-23T00:00:00+05:30,1814.6,1811.0,1828.0,1796.65,1299181.0
2024-12-24T00:00:00+05:30,1819.0,1814.9,1831.75,1803.15,1121058.0
2024-12-26T00:00:00+05:30,1841.35,1820.0,1845.05,1814.4,1402706.0
2024-12-27T00:00:00+05:30,1861.25,1845.5,1866.0,1836.75,1668898.0
2024-12-30T00:00:00+05:30,1883.9,1862.05,1895.75,1855.0,6021550.0
2024-12-31T00:00:00+05:30,1886.35,1876.8,1910.0,1868.8,1844944.0
2025-01-01T00:00:00+05:30,1889.95,1889.9,1902.95,1878.65,1338092.0
2025-01-02T00:00:00+05:30,1878.0,1892.0,1896.0,1864.95,2507223.0
2025-01-03T00:00:00+05:30,1849.65,1878.0,1884.0,1844.0,1515825.0
2025-01-06T00:00:00+05:30,1847.4,1850.5,1856.5,1825.65,1397724.0
2025-01-07T00:00:00+05:30,1853.4,1848.55,1865.0,1845.65,1615649.0
2025-01-08T00:00:00+05:30,1837.75,1862.6,1862.6,1829.2,1298188.0
2025-01-09T00:00:00+05:30,1826.35,1841.0,1841.0,1814.0,1199181.0
2025-01-10T00:00:00+05:30,1784.8,1825.45,1834.6,1772.75,857827.0
2025-01-13T00:00:00+05:30,1746.9,1784.6,1785.55,1742.45,1645287.0
2025-01-14T00:00:00+05:30,1770.85,1755.0,1784.05,1742.1,1962645.0
2025-01-15T00:00:00+05:30,1756.85,1772.8,1775.0,1747.7,857867.0
2025-01-16T00:00:00+05:30,1763.3,1775.05,1775.6,1740.8,2180496.0
2025-01-17T00:00:00+05:30,1786.55,1779.0,1791.95,1767.6,1163986.0
2025-01-20T00:00:00+05:30,1778.25,1789.35,1800.45,1768.3,1341246.0
2025-01-21T00:00:00+05:30,1762.7,1772.1,1805.75,1759.5,2489267.0
2025-01-22T00:00:00+05:30,1798.95,1777.0,1803.6,1773.85,2262270.0
2025-01-23T00:00:00+05:30,1833.6,1788.1,1839.75,1786.05,1974760.0
2025-01-24T00:00:00+05:30,1822.2,1829.0,1843.1,1808.2,1277935.0
2025-01-27T00:00:00+05:30,1786.85,1818.1,1824.25,1774.3,1452975.0
2025-01-28T00:00:00+05:30,1705.5,1779.8,1780.0,1693.1,5972497.0
2025-01-29T00:00:00+05:30,1735.35,1705.5,1744.0,1696.0,1433336.0
2025-01-30T00:00:00+05:30,1739.1,1740.45,1760.3,1725.3,2017991.0
2025-01-31T00:00:00+05:30,1743.95,1742.0,1769.85,1706.05,4275269.0
2025-02-01T00:00:00+05:30,1742.2,1740.0,1789.0,1733.3,1477972.0
2025-02-03T00:00:00+05:30,1740.6,1781.45,1785.9,1710.55,2210231.0
2025-02-04T00:00:00+05:30,1765.25,1749.3,1776.25,1740.65,2796294.0
2025-02-05T00:00:00+05:30,1752.75,1773.8,1773.8,1735.2,1787905.0
2025-02-06T00:00:00+05:30,1742.0,1753.0,1768.35,1736.3,3421791.0
2025-02-07T00:00:00+05:30,1749.8,1751.4,1753.0,1727.3,1371545.0
2025-02-10T00:00:00+05:30,1732.1,1741.25,1750.0,1723.7,1237839.0
2025-02-11T00:00:00+05:30,1699.75,1725.2,1734.2,1695.05,2779274.0
2025-02-12T00:00:00+05:30,1693.85,1706.45,1714.95,1688.05,1757284.0
2025-02-13T00:00:00+05:30,1746.35,1700.0,1752.75,1699.95,2750390.0
2025-02-14T00:00:00+05:30,1700.5,1747.35,1748.95,1685.0,2123774.0
2025-02-17T00:00:00+05:30,1714.2,1700.5,1735.35,1696.05,2277889.0
2025-02-18T00:00:00+05:30,1701.6,1714.2,1729.75,1698.4,2163972.0
2025-02-19T00:00:00+05:30,1676.6,1665.1,1699.0,1647.1,2576319.0
2025-02-20T00:00:00+05:30,1669.3,1667.15,1677.95,1663.0,1670915.0
2025-02-21T00:00:00+05:30,1643.75,1678.05,1684.4,1632.0,2244190.0
2025-02-24T00:00:00+05:30,1639.5,1629.75,1669.9,1627.05,2357441.0
2025-02-25T00:00:00+05:30,1613.6,1639.5,1647.8,1606.25,2836717.0
2025-02-27T00:00:00+05:30,1647.5,1628.95,1653.1,1605.05,2744489.0
2025-02-28T00:00:00+05:30,1593.25,1671.0,1671.0,1586.4,3549979.0
2025-03-03T00:00:00+05:30,1585.1,1585.3,1607.4,1582.2,1425492.0
2025-03-04T00:00:00+05:30,1566.5,1585.0,1590.0,1556.0,1717135.0
2025-03-05T00:00:00+05:30,1582.45,1564.6,1586.3,1553.05,2428171.0
2025-03-06T00:00:00+05:30,1614.0,1598.25,1617.9,1572.55,2458676.0
2025-03-07T00:00:00+05:30,1609.3,1624.0,1628.75,1605.65,980890.0
2025-03-10T00:00:00+05:30,1611.5,1621.95,1641.45,1602.75,1600589.0
2025-03-11T00:00:00+05:30,1655.3,1616.1,1663.6,1605.35,3325416.0
2025-03-12T00:00:00+05:30,1676.85,1662.0,1680.25,1658.05,2389362.0
2025-03-13T00:00:00+05:30,1683.45,1672.0,1687.15,1663.45,1666929.0
2025-03-17T00:00:00+05:30,1704.3,1694.05,1720.15,1688.35,2588408.0
2025-03-18T00:00:00+05:30,1747.8,1714.35,1752.0,1700.0,2730980.0
2025-03-19T00:00:00+05:30,1732.35,1747.8,1748.0,1726.3,2167448.0
2025-03-20T00:00:00+05:30,1750.25,1735.65,1757.15,1722.9,1602232.0
2025-03-21T00:00:00+05:30,1784.5,1759.0,1792.8,1750.25,2483162.0
2025-03-24T00:00:00+05:30,1784.8,1794.5,1820.0,1777.6,1182084.0
2025-03-25T00:00:00+05:30,1764.75,1784.8,1795.95,1758.5,1471028.0
2025-03-26T00:00:00+05:30,1758.95,1767.95,1770.8,1746.1,1762361.0
2025-03-27T00:00:00+05:30,1731.45,1751.0,1752.3,1720.0,3279881.0
2025-03-28T00:00:00+05:30,1734.7,1731.45,1741.35,1705.2,1956781.0
2025-04-01T00:00:00+05:30,1698.35,1731.0,1733.95,1681.6,4142445.0
2025-04-02T00:00:00+05:30,1713.65,1695.0,1718.45,1685.9,3369489.0
2025-04-03T00:00:00+05:30,1770.0,1755.0,1812.7,1750.0,5715573.0
2025-04-04T00:00:00+05:30,1709.35,1778.85,1778.85,1658.05,5345276.0
2025-04-07T00:00:00+05:30,1666.35,1620.1,1692.0,1620.1,5715334.0
2025-04-08T00:00:00+05:30,1688.35,1645.0,1709.85,1645.0,2807382.0
2025-04-09T00:00:00+05:30,1652.2,1650.0,1679.75,1640.0,3481864.0
2025-04-11T00:00:00+05:30,1687.55,1710.0,1737.0,1682.1,3801939.0
2025-04-15T00:00:00+05:30,1705.0,1720.0,1724.5,1696.8,1993085.0
2025-04-16T00:00:00+05:30,1693.1,1691.1,1702.7,1682.1,2205374.0
2025-04-17T00:00:00+05:30,1751.5,1695.0,1758.0,1687.4,2683908.0
2025-04-21T00:00:00+05:30,1744.9,1761.0,1761.0,1731.3,1539511.0
2025-04-22T00:00:00+05:30,1747.4,1751.0,1755.0,1734.5,961907.0
2025-04-23T00:00:00+05:30,1788.8,1754.2,1791.3,1742.1,1471029.0
2025-04-24T00:00:00+05:30,1803.9,1790.0,1807.9,1773.9,2101177.0
2025-04-25T00:00:00+05:30,1787.4,1806.0,1815.5,1764.2,2036801.0
2025-04-28T00:00:00+05:30,1841.6,1787.4,1846.0,1781.2,3216482.0
2025-04-29T00:00:00+05:30,1805.5,1845.0,1846.0,1797.0,2886160.0
2025-04-30T00:00:00+05:30,1832.3,1810.0,1838.9,1803.3,2667314.0
2025-05-02T00:00:00+05:30,1829.4,1832.3,1851.2,1813.8,2310897.0
2025-05-05T00:00:00+05:30,1836.6,1827.8,1843.3,1821.4,1219830.0
2025-05-06T00:00:00+05:30,1819.1,1820.0,1827.9,1799.0,1414772.0
2025-05-07T00:00:00+05:30,1781.3,1817.9,1826.4,1778.7,2015237.0
2025-05-08T00:00:00+05:30,1767.2,1781.3,1788.9,1755.0,2647871.0
2025-05-09T00:00:00+05:30,1744.8,1751.9,1766.3,1731.7,1148956.0
2025-05-12T00:00:00+05:30,1686.2,1695.7,1712.4,1623.6,9221075.0
2025-05-13T00:00:00+05:30,1700.0,1711.0,1748.5,1691.3,6988329.0
2025-05-14T00:00:00+05:30,1708.2,1702.0,1711.4,1692.1,1639324.0
2025-05-15T00:00:00+05:30,1740.1,1701.1,1744.4,1684.1,3880385.0
2025-05-16T00:00:00+05:30,1734.9,1740.0,1741.6,1719.0,1448249.0
2025-05-19T00:00:00+05:30,1730.2,1745.0,1765.0,1726.6,2074023.0
2025-05-20T00:00:00+05:30,1707.8,1743.8,1748.0,1703.3,2706777.0
2025-05-21T00:00:00+05:30,1731.8,1716.4,1758.7,1707.8,2754306.0
2025-05-22T00:00:00+05:30,1718.7,1734.2,1740.0,1707.2,2670554.0
2025-05-23T00:00:00+05:30,1683.6,1658.0,1689.5,1636.6,8339783.0
2025-05-26T00:00:00+05:30,1676.1,1693.1,1702.4,1667.0,2282131.0
2025-05-27T00:00:00+05:30,1683.4,1676.1,1692.0,1661.1,2800622.0
2025-05-28T00:00:00+05:30,1666.4,1683.4,1686.9,1663.0,2657712.0
2025-05-29T00:00:00+05:30,1699.8,1675.0,1703.3,1670.4,2377583.0
2025-05-30T00:00:00+05:30,1677.6,1702.0,1713.6,1669.1,3640641.0
2025-06-02T00:00:00+05:30,1674.6,1679.0,1683.5,1660.5,1819538.0
2025-06-03T00:00:00+05:30,1667.5,1695.0,1695.0,1657.6,2556920.0
2025-06-04T00:00:00+05:30,1664.9,1656.0,1669.0,1649.0,1700482.0
2025-06-05T00:00:00+05:30,1683.1,1662.0,1694.3,1662.0,2037073.0
2025-06-06T00:00:00+05:30,1679.2,1685.0,1689.0,1669.0,2500047.0
2025-06-09T00:00:00+05:30,1694.4,1679.9,1698.8,1673.3,2589656.0
2025-06-10T00:00:00+05:30,1688.8,1701.8,1706.9,1677.7,2369135.0
2025-06-11T00:00:00+05:30,1690.6,1694.8,1695.0,1679.3,1999978.0
2025-06-12T00:00:00+05:30,1687.4,1694.9,1727.5,1681.1,3588365.0
2025-06-13T00:00:00+05:30,1687.8,1666.8,1700.0,1661.1,2404272.0
2025-06-16T00:00:00+05:30,1685.3,1665.0,1689.8,1655.7,2249326.0
2025-06-17T00:00:00+05:30,1650.2,1680.0,1681.7,1641.1,5408285.0
2025-06-18T00:00:00+05:30,1648.0,1645.0,1661.3,1638.5,1455885.0
2025-06-19T00:00:00+05:30,1647.6,1648.1,1655.3,1636.0,1696525.0
2025-06-20T00:00:00+05:30,1665.1,1647.6,1670.0,1645.6,2567882.0
2025-06-23T00:00:00+05:30,1662.5,1663.2,1667.0,1647.2,840643.0
2025-06-24T00:00:00+05:30,1661.7,1670.5,1686.4,1658.8,2066326.0
2025-06-25T00:00:00+05:30,1669.6,1661.7,1678.8,1658.1,1372945.0
2025-06-26T00:00:00+05:30,1669.8,1674.8,1678.9,1650.4,2102627.0
2025-06-27T00:00:00+05:30,1687.6,1670.2,1695.7,1668.2,5313904.0
2025-06-30T00:00:00+05:30,1675.7,1696.0,1704.5,1671.6,2160184.0
2025-07-01T00:00:00+05:30,1667.2,1675.7,1684.3,1657.5,3298070.0
2025-07-02T00:00:00+05:30,1677.5,1656.0,1682.0,1656.0,1611046.0
2025-07-03T00:00:00+05:30,1679.7,1677.5,1692.8,1674.5,1553777.0
2025-07-04T00:00:00+05:30,1676.3,1686.7,1686.7,1671.6,1264399.0
2025-07-07T00:00:00+05:30,1679.9,1674.7,1682.4,1663.0,1550620.0
2025-07-08T00:00:00+05:30,1672.5,1680.0,1682.0,1649.1,1860328.0
2025-07-09T00:00:00+05:30,1669.4,1660.0,1680.8,1647.0,2178705.0
2025-07-10T00:00:00+05:30,1662.5,1662.0,1670.6,1647.2,1741718.0
2025-07-11T00:00:00+05:30,1672.0,1665.8,1679.9,1662.2,1298302.0
2025-07-14T00:00:00+05:30,1682.6,1680.4,1696.9,1675.5,1309704.0
2025-07-15T00:00:00+05:30,1727.5,1705.0,1730.9,1687.9,3332578.0
2025-07-16T00:00:00+05:30,1701.0,1730.0,1731.3,1698.0,2285143.0
2025-07-17T00:00:00+05:30,1703.4,1704.0,1717.0,1696.0,1461039.0
2025-07-18T00:00:00+05:30,1693.6,1709.0,1709.4,1686.7,1253929.0
2025-07-21T00:00:00+05:30,1692.3,1681.1,1701.4,1677.5,2390289.0
2025-07-22T00:00:00+05:30,1678.0,1686.1,1693.1,1672.8,1244491.0
2025-07-23T00:00:00+05:30,1682.5,1678.5,1689.6,1671.4,1229173.0
2025-07-24T00:00:00+05:30,1692.0,1682.5,1696.0,1680.1,1079045.0
2025-07-25T00:00:00+05:30,1699.0,1690.0,1702.0,1682.2,1088592.0
2025-07-28T00:00:00+05:30,1702.2,1702.1,1710.1,1693.9,2168507.0
2025-07-29T00:00:00+05:30,1710.5,1698.0,1718.0,1697.1,1325544.0
2025-07-30T00:00:00+05:30,1733.8,1720.0,1740.5,1712.1,2318723.0
2025-07-31T00:00:00+05:30,1706.7,1715.5,1748.0,1694.0,3233087.0
2025-08-01T00:00:00+05:30,1629.7,1690.0,1695.0,1608.0,8774548.0
2025-08-04T00:00:00+05:30,1641.6,1629.8,1647.4,1613.6,1898762.0
2025-08-05T00:00:00+05:30,1632.1,1640.9,1644.6,1620.1,1622897.0
2025-08-06T00:00:00+05:30,1595.2,1629.7,1629.7,1591.0,2376257.0
2025-08-07T00:00:00+05:30,1598.4,1581.0,1605.4,1571.0,3435674.0
2025-08-08T00:00:00+05:30,1586.9,1590.0,1602.0,1580.9,1654424.0
2025-08-11T00:00:00+05:30,1608.4,1586.9,1660.0,1584.2,1140902.0
2025-08-12T00:00:00+05:30,1622.2,1611.7,1636.7,1610.1,1679088.0
2025-08-13T00:00:00+05:30,1639.8,1624.2,1643.5,1617.3,1313668.0
2025-08-14T00:00:00+05:30,1641.4,1639.8,1651.1,1632.2,1738094.0
2025-08-18T00:00:00+05:30,1632.7,1649.6,1649.6,1625.4,3080173.0
2025-08-19T00:00:00+05:30,1626.6,1632.8,1638.0,1619.1,2656413.0
2025-08-20T00:00:00+05:30,1633.1,1634.0,1636.5,1616.0,1831706.0
2025-08-21T00:00:00+05:30,1640.2,1630.8,1652.5,1623.9,1727913.0
2025-08-22T00:00:00+05:30,1641.8,1642.0,1651.4,1635.1,2098380.0
2025-08-25T00:00:00+05:30,1656.7,1649.2,1660.5,1634.0,1904984.0
2025-08-26T00:00:00+05:30,1600.3,1645.0,1647.4,1596.2,4502371.0
2025-08-28T00:00:00+05:30,1585.7,1593.1,1600.0,1567.6,4993834.0
2025-08-29T00:00:00+05:30,1594.5,1581.0,1601.7,1575.8,3176534.0
2025-09-01T00:00:00+05:30,1588.9,1599.0,1600.2,1586.5,177642.0
